-- ============================================================
-- PROJECT 05: RESTAURANT MANAGEMENT SYSTEM
-- File: 02_sample_data_510.sql
-- 510 rows per core table, realistic Vietnamese restaurant data
-- ============================================================

USE restaurant_db;
SET FOREIGN_KEY_CHECKS = 0;
SET NAMES utf8mb4;

-- ─────────────────────────────────────────────
-- 1. MenuCategories (5 rows — lookup table)
-- ─────────────────────────────────────────────
TRUNCATE TABLE MenuCategories;
INSERT INTO MenuCategories (CategoryID, CategoryName) VALUES
(1, 'Khai vị'),
(2, 'Món chính'),
(3, 'Tráng miệng'),
(4, 'Đồ uống'),
(5, 'Súp & Lẩu');

-- ─────────────────────────────────────────────
-- 2. MenuItems (510 rows)
-- ─────────────────────────────────────────────
TRUNCATE TABLE MenuItems;
INSERT INTO MenuItems (DishID, CategoryID, DishName, Description, Price, IsAvailable) VALUES
(1, 1, N'Chả giò chiên giòn', N'Chả giò nhân thịt heo và rau củ chiên vàng giòn', 45000, 1),
(2, 1, N'Gỏi cuốn tôm thịt', N'Gỏi cuốn tươi tôm, thịt heo, bún, rau sống', 40000, 1),
(3, 1, N'Bánh xèo tôm thịt', N'Bánh xèo giòn nhân tôm, giá đỗ, nước mắm chua ngọt', 55000, 1),
(4, 1, N'Nem cuốn bò lúc lắc', N'Nem cuốn tươi thịt bò lúc lắc, rau thơm', 60000, 1),
(5, 1, N'Phở cuốn Hà Nội', N'Bánh phở cuốn nhân bò, húng quế', 50000, 1),
(6, 1, N'Bánh tráng trộn', N'Bánh tráng trộn tôm khô, xoài xanh, sa tế', 35000, 1),
(7, 1, N'Gỏi ngó sen tôm', N'Gỏi ngó sen tôm luộc, thịt ba chỉ, đậu phộng', 70000, 1),
(8, 1, N'Đậu hũ chiên sả ớt', N'Đậu hũ chiên giòn xào sả ớt, cà chua bi', 45000, 1),
(9, 5, N'Phở bò tái chín', N'Phở bò truyền thống nước dùng xương 12h', 75000, 1),
(10, 5, N'Bún bò Huế', N'Bún bò cay đặc trưng, chân giò, chả cua', 80000, 1),
(11, 5, N'Canh chua cá lóc', N'Canh chua ngọt cá lóc, dứa, cà chua, giá đỗ', 65000, 1),
(12, 5, N'Súp bào ngư vi cá', N'Súp cao cấp bào ngư vi cá, trứng cút', 150000, 1),
(13, 5, N'Cháo gà hành gừng', N'Cháo gà ta mềm, hành phi, tiêu, gừng', 55000, 1),
(14, 5, N'Bún riêu cua đồng', N'Bún riêu cua đồng, cà chua, đậu hũ chiên', 70000, 1),
(15, 5, N'Lẩu thái hải sản', N'Lẩu thái chua cay tôm mực cá nấm', 180000, 1),
(16, 5, N'Lẩu bò nhúng dấm', N'Bò nhúng giấm, bún, rau sống, mắm nêm', 160000, 1),
(17, 2, N'Cơm tấm sườn bì', N'Cơm tấm sườn nướng, bì, chả trứng', 85000, 1),
(18, 2, N'Bò lúc lắc tiêu xanh', N'Bò phi lê xào lúc lắc, tiêu xanh, hành tây', 165000, 1),
(19, 2, N'Cá lăng nướng muối ớt', N'Cá lăng nướng nguyên con, muối ớt, sả', 220000, 1),
(20, 2, N'Gà nướng mật ong tỏi', N'Đùi gà nướng mật ong, tỏi phi', 120000, 1),
(21, 2, N'Mì Quảng tôm thịt', N'Mì Quảng, bánh đa giòn, tôm, thịt ba chỉ', 70000, 1),
(22, 2, N'Sườn non kho tộ', N'Sườn non kho nước dừa, trứng cút', 95000, 1),
(23, 2, N'Cá điêu hồng hấp gừng', N'Cá điêu hồng hấp, sốt gừng hành', 130000, 1),
(24, 2, N'Tôm hùm nướng phô mai', N'Nửa con tôm hùm nướng phô mai', 450000, 1),
(25, 2, N'Bò né trứng ốp la', N'Bò né xốt tiêu, trứng ốp la, pate, bánh mì', 95000, 1),
(26, 2, N'Cơm chiên Dương Châu', N'Cơm chiên hải sản tôm mực xúc xích', 80000, 1),
(27, 2, N'Vịt nướng chao', N'Vịt nướng ướp chao, sả, tỏi', 180000, 1),
(28, 2, N'Chả cá Thăng Long', N'Cá lóc chiên nghệ, mắm tôm, bún, rau thơm', 125000, 1),
(29, 2, N'Lươn um chuối đậu', N'Lươn um chuối xanh, đậu phộng, nước cốt dừa', 145000, 1),
(30, 2, N'Cua rang muối', N'Cua biển rang muối ớt tỏi giòn', 280000, 1),
(31, 3, N'Chè ba màu', N'Đậu xanh, đậu đỏ, thạch, nước cốt dừa', 35000, 1),
(32, 3, N'Bánh flan caramel', N'Flan mềm mịn, caramel đắng ngọt', 40000, 1),
(33, 3, N'Kem xôi lá dứa', N'Xôi lá dứa dẻo, kem vani, dừa bào', 45000, 1),
(34, 3, N'Chè trôi nước', N'Nhân đậu xanh, nước gừng', 35000, 1),
(35, 3, N'Bánh chuối nướng', N'Chuối nướng nước cốt dừa, vừng rang', 30000, 1),
(36, 3, N'Chè nhãn long nhãn', N'Long nhãn, hạt sen, nước đường thơm', 45000, 1),
(37, 3, N'Kem sầu riêng', N'Kem sầu riêng Ri6 nguyên chất', 50000, 1),
(38, 3, N'Bánh trôi nước', N'Bánh trôi nhân đường phèn, mè đen', 30000, 1),
(39, 4, N'Cà phê phin sữa đá', N'Robusta pha phin, sữa đặc, đá viên', 35000, 1),
(40, 4, N'Trà đào cam sả', N'Trà đào thơm, cam tươi, sả, đá bào', 45000, 1),
(41, 4, N'Nước mía tươi', N'Nước mía ép tươi, chanh, gừng', 25000, 1),
(42, 4, N'Sinh tố xoài', N'Xoài cát Hòa Lộc thơm ngọt', 40000, 1),
(43, 4, N'Nước dừa tươi', N'Dừa xiêm tươi nguyên trái', 35000, 1),
(44, 4, N'Bia Saigon lon', N'Bia Saigon lon 330ml', 30000, 1),
(45, 4, N'Rượu vang đỏ nhập khẩu', N'175ml vang đỏ nhập khẩu', 90000, 1),
(46, 4, N'Trà atiso Đà Lạt', N'Thảo dược Đà Lạt, ấm 500ml', 30000, 1),
(47, 4, N'Nước cam vắt tươi', N'Cam tươi vắt, không đường', 40000, 1),
(48, 4, N'Soda chanh muối', N'Soda chanh muối giải nhiệt', 25000, 1),
(49, 1, N'Chả giò chiên giòn (đặc biệt)', N'Chả giò nhân thịt heo và rau củ chiên vàng giòn', 50000, 1),
(50, 1, N'Gỏi cuốn tôm thịt (đặc biệt)', N'Gỏi cuốn tươi tôm, thịt heo, bún, rau sống', 45000, 1),
(51, 1, N'Bánh xèo tôm thịt (đặc biệt)', N'Bánh xèo giòn nhân tôm, giá đỗ, nước mắm chua ngọt', 60000, 1),
(52, 1, N'Nem cuốn bò lúc lắc (đặc biệt)', N'Nem cuốn tươi thịt bò lúc lắc, rau thơm', 65000, 1),
(53, 1, N'Phở cuốn Hà Nội (đặc biệt)', N'Bánh phở cuốn nhân bò, húng quế', 55000, 1),
(54, 1, N'Bánh tráng trộn (đặc biệt)', N'Bánh tráng trộn tôm khô, xoài xanh, sa tế', 40000, 1),
(55, 1, N'Gỏi ngó sen tôm (đặc biệt)', N'Gỏi ngó sen tôm luộc, thịt ba chỉ, đậu phộng', 75000, 1),
(56, 1, N'Đậu hũ chiên sả ớt (đặc biệt)', N'Đậu hũ chiên giòn xào sả ớt, cà chua bi', 50000, 1),
(57, 5, N'Phở bò tái chín (đặc biệt)', N'Phở bò truyền thống nước dùng xương 12h', 80000, 1),
(58, 5, N'Bún bò Huế (đặc biệt)', N'Bún bò cay đặc trưng, chân giò, chả cua', 85000, 1),
(59, 5, N'Canh chua cá lóc (đặc biệt)', N'Canh chua ngọt cá lóc, dứa, cà chua, giá đỗ', 70000, 1),
(60, 5, N'Súp bào ngư vi cá (đặc biệt)', N'Súp cao cấp bào ngư vi cá, trứng cút', 155000, 1),
(61, 5, N'Cháo gà hành gừng (đặc biệt)', N'Cháo gà ta mềm, hành phi, tiêu, gừng', 60000, 1),
(62, 5, N'Bún riêu cua đồng (đặc biệt)', N'Bún riêu cua đồng, cà chua, đậu hũ chiên', 75000, 1),
(63, 5, N'Lẩu thái hải sản (đặc biệt)', N'Lẩu thái chua cay tôm mực cá nấm', 185000, 1),
(64, 5, N'Lẩu bò nhúng dấm (đặc biệt)', N'Bò nhúng giấm, bún, rau sống, mắm nêm', 165000, 1),
(65, 2, N'Cơm tấm sườn bì (đặc biệt)', N'Cơm tấm sườn nướng, bì, chả trứng', 90000, 1),
(66, 2, N'Bò lúc lắc tiêu xanh (đặc biệt)', N'Bò phi lê xào lúc lắc, tiêu xanh, hành tây', 170000, 1),
(67, 2, N'Cá lăng nướng muối ớt (đặc biệt)', N'Cá lăng nướng nguyên con, muối ớt, sả', 225000, 1),
(68, 2, N'Gà nướng mật ong tỏi (đặc biệt)', N'Đùi gà nướng mật ong, tỏi phi', 125000, 1),
(69, 2, N'Mì Quảng tôm thịt (đặc biệt)', N'Mì Quảng, bánh đa giòn, tôm, thịt ba chỉ', 75000, 1),
(70, 2, N'Sườn non kho tộ (đặc biệt)', N'Sườn non kho nước dừa, trứng cút', 100000, 1),
(71, 2, N'Cá điêu hồng hấp gừng (đặc biệt)', N'Cá điêu hồng hấp, sốt gừng hành', 135000, 1),
(72, 2, N'Tôm hùm nướng phô mai (đặc biệt)', N'Nửa con tôm hùm nướng phô mai', 455000, 1),
(73, 2, N'Bò né trứng ốp la (đặc biệt)', N'Bò né xốt tiêu, trứng ốp la, pate, bánh mì', 100000, 1),
(74, 2, N'Cơm chiên Dương Châu (đặc biệt)', N'Cơm chiên hải sản tôm mực xúc xích', 85000, 1),
(75, 2, N'Vịt nướng chao (đặc biệt)', N'Vịt nướng ướp chao, sả, tỏi', 185000, 1),
(76, 2, N'Chả cá Thăng Long (đặc biệt)', N'Cá lóc chiên nghệ, mắm tôm, bún, rau thơm', 130000, 1),
(77, 2, N'Lươn um chuối đậu (đặc biệt)', N'Lươn um chuối xanh, đậu phộng, nước cốt dừa', 150000, 1),
(78, 2, N'Cua rang muối (đặc biệt)', N'Cua biển rang muối ớt tỏi giòn', 285000, 1),
(79, 3, N'Chè ba màu (đặc biệt)', N'Đậu xanh, đậu đỏ, thạch, nước cốt dừa', 40000, 1),
(80, 3, N'Bánh flan caramel (đặc biệt)', N'Flan mềm mịn, caramel đắng ngọt', 45000, 1),
(81, 3, N'Kem xôi lá dứa (đặc biệt)', N'Xôi lá dứa dẻo, kem vani, dừa bào', 50000, 1),
(82, 3, N'Chè trôi nước (đặc biệt)', N'Nhân đậu xanh, nước gừng', 40000, 1),
(83, 3, N'Bánh chuối nướng (đặc biệt)', N'Chuối nướng nước cốt dừa, vừng rang', 35000, 1),
(84, 3, N'Chè nhãn long nhãn (đặc biệt)', N'Long nhãn, hạt sen, nước đường thơm', 50000, 1),
(85, 3, N'Kem sầu riêng (đặc biệt)', N'Kem sầu riêng Ri6 nguyên chất', 55000, 1),
(86, 3, N'Bánh trôi nước (đặc biệt)', N'Bánh trôi nhân đường phèn, mè đen', 35000, 1),
(87, 4, N'Cà phê phin sữa đá (đặc biệt)', N'Robusta pha phin, sữa đặc, đá viên', 40000, 1),
(88, 4, N'Trà đào cam sả (đặc biệt)', N'Trà đào thơm, cam tươi, sả, đá bào', 50000, 1),
(89, 4, N'Nước mía tươi (đặc biệt)', N'Nước mía ép tươi, chanh, gừng', 30000, 1),
(90, 4, N'Sinh tố xoài (đặc biệt)', N'Xoài cát Hòa Lộc thơm ngọt', 45000, 1),
(91, 4, N'Nước dừa tươi (đặc biệt)', N'Dừa xiêm tươi nguyên trái', 40000, 1),
(92, 4, N'Bia Saigon lon (đặc biệt)', N'Bia Saigon lon 330ml', 35000, 1),
(93, 4, N'Rượu vang đỏ nhập khẩu (đặc biệt)', N'175ml vang đỏ nhập khẩu', 95000, 1),
(94, 4, N'Trà atiso Đà Lạt (đặc biệt)', N'Thảo dược Đà Lạt, ấm 500ml', 35000, 1),
(95, 4, N'Nước cam vắt tươi (đặc biệt)', N'Cam tươi vắt, không đường', 45000, 1),
(96, 4, N'Soda chanh muối (đặc biệt)', N'Soda chanh muối giải nhiệt', 30000, 1),
(97, 1, N'Chả giò chiên giòn (thường)', N'Chả giò nhân thịt heo và rau củ chiên vàng giòn', 55000, 1),
(98, 1, N'Gỏi cuốn tôm thịt (thường)', N'Gỏi cuốn tươi tôm, thịt heo, bún, rau sống', 50000, 1),
(99, 1, N'Bánh xèo tôm thịt (thường)', N'Bánh xèo giòn nhân tôm, giá đỗ, nước mắm chua ngọt', 65000, 1),
(100, 1, N'Nem cuốn bò lúc lắc (thường)', N'Nem cuốn tươi thịt bò lúc lắc, rau thơm', 70000, 1),
(101, 1, N'Phở cuốn Hà Nội (thường)', N'Bánh phở cuốn nhân bò, húng quế', 60000, 1),
(102, 1, N'Bánh tráng trộn (thường)', N'Bánh tráng trộn tôm khô, xoài xanh, sa tế', 45000, 1),
(103, 1, N'Gỏi ngó sen tôm (thường)', N'Gỏi ngó sen tôm luộc, thịt ba chỉ, đậu phộng', 80000, 1),
(104, 1, N'Đậu hũ chiên sả ớt (thường)', N'Đậu hũ chiên giòn xào sả ớt, cà chua bi', 55000, 1),
(105, 5, N'Phở bò tái chín (thường)', N'Phở bò truyền thống nước dùng xương 12h', 85000, 1),
(106, 5, N'Bún bò Huế (thường)', N'Bún bò cay đặc trưng, chân giò, chả cua', 90000, 1),
(107, 5, N'Canh chua cá lóc (thường)', N'Canh chua ngọt cá lóc, dứa, cà chua, giá đỗ', 75000, 1),
(108, 5, N'Súp bào ngư vi cá (thường)', N'Súp cao cấp bào ngư vi cá, trứng cút', 160000, 1),
(109, 5, N'Cháo gà hành gừng (thường)', N'Cháo gà ta mềm, hành phi, tiêu, gừng', 65000, 1),
(110, 5, N'Bún riêu cua đồng (thường)', N'Bún riêu cua đồng, cà chua, đậu hũ chiên', 80000, 1),
(111, 5, N'Lẩu thái hải sản (thường)', N'Lẩu thái chua cay tôm mực cá nấm', 190000, 1),
(112, 5, N'Lẩu bò nhúng dấm (thường)', N'Bò nhúng giấm, bún, rau sống, mắm nêm', 170000, 1),
(113, 2, N'Cơm tấm sườn bì (thường)', N'Cơm tấm sườn nướng, bì, chả trứng', 95000, 1),
(114, 2, N'Bò lúc lắc tiêu xanh (thường)', N'Bò phi lê xào lúc lắc, tiêu xanh, hành tây', 175000, 1),
(115, 2, N'Cá lăng nướng muối ớt (thường)', N'Cá lăng nướng nguyên con, muối ớt, sả', 230000, 1),
(116, 2, N'Gà nướng mật ong tỏi (thường)', N'Đùi gà nướng mật ong, tỏi phi', 130000, 1),
(117, 2, N'Mì Quảng tôm thịt (thường)', N'Mì Quảng, bánh đa giòn, tôm, thịt ba chỉ', 80000, 1),
(118, 2, N'Sườn non kho tộ (thường)', N'Sườn non kho nước dừa, trứng cút', 105000, 1),
(119, 2, N'Cá điêu hồng hấp gừng (thường)', N'Cá điêu hồng hấp, sốt gừng hành', 140000, 1),
(120, 2, N'Tôm hùm nướng phô mai (thường)', N'Nửa con tôm hùm nướng phô mai', 460000, 1),
(121, 2, N'Bò né trứng ốp la (thường)', N'Bò né xốt tiêu, trứng ốp la, pate, bánh mì', 105000, 1),
(122, 2, N'Cơm chiên Dương Châu (thường)', N'Cơm chiên hải sản tôm mực xúc xích', 90000, 1),
(123, 2, N'Vịt nướng chao (thường)', N'Vịt nướng ướp chao, sả, tỏi', 190000, 1),
(124, 2, N'Chả cá Thăng Long (thường)', N'Cá lóc chiên nghệ, mắm tôm, bún, rau thơm', 135000, 1),
(125, 2, N'Lươn um chuối đậu (thường)', N'Lươn um chuối xanh, đậu phộng, nước cốt dừa', 155000, 1),
(126, 2, N'Cua rang muối (thường)', N'Cua biển rang muối ớt tỏi giòn', 290000, 1),
(127, 3, N'Chè ba màu (thường)', N'Đậu xanh, đậu đỏ, thạch, nước cốt dừa', 45000, 1),
(128, 3, N'Bánh flan caramel (thường)', N'Flan mềm mịn, caramel đắng ngọt', 50000, 1),
(129, 3, N'Kem xôi lá dứa (thường)', N'Xôi lá dứa dẻo, kem vani, dừa bào', 55000, 1),
(130, 3, N'Chè trôi nước (thường)', N'Nhân đậu xanh, nước gừng', 45000, 1),
(131, 3, N'Bánh chuối nướng (thường)', N'Chuối nướng nước cốt dừa, vừng rang', 40000, 1),
(132, 3, N'Chè nhãn long nhãn (thường)', N'Long nhãn, hạt sen, nước đường thơm', 55000, 1),
(133, 3, N'Kem sầu riêng (thường)', N'Kem sầu riêng Ri6 nguyên chất', 60000, 1),
(134, 3, N'Bánh trôi nước (thường)', N'Bánh trôi nhân đường phèn, mè đen', 40000, 1),
(135, 4, N'Cà phê phin sữa đá (thường)', N'Robusta pha phin, sữa đặc, đá viên', 45000, 1),
(136, 4, N'Trà đào cam sả (thường)', N'Trà đào thơm, cam tươi, sả, đá bào', 55000, 1),
(137, 4, N'Nước mía tươi (thường)', N'Nước mía ép tươi, chanh, gừng', 35000, 1),
(138, 4, N'Sinh tố xoài (thường)', N'Xoài cát Hòa Lộc thơm ngọt', 50000, 1),
(139, 4, N'Nước dừa tươi (thường)', N'Dừa xiêm tươi nguyên trái', 45000, 1),
(140, 4, N'Bia Saigon lon (thường)', N'Bia Saigon lon 330ml', 40000, 1),
(141, 4, N'Rượu vang đỏ nhập khẩu (thường)', N'175ml vang đỏ nhập khẩu', 100000, 1),
(142, 4, N'Trà atiso Đà Lạt (thường)', N'Thảo dược Đà Lạt, ấm 500ml', 40000, 1),
(143, 4, N'Nước cam vắt tươi (thường)', N'Cam tươi vắt, không đường', 50000, 1),
(144, 4, N'Soda chanh muối (thường)', N'Soda chanh muối giải nhiệt', 35000, 1),
(145, 1, N'Chả giò chiên giòn (size lớn)', N'Chả giò nhân thịt heo và rau củ chiên vàng giòn', 60000, 1),
(146, 1, N'Gỏi cuốn tôm thịt (size lớn)', N'Gỏi cuốn tươi tôm, thịt heo, bún, rau sống', 55000, 1),
(147, 1, N'Bánh xèo tôm thịt (size lớn)', N'Bánh xèo giòn nhân tôm, giá đỗ, nước mắm chua ngọt', 70000, 1),
(148, 1, N'Nem cuốn bò lúc lắc (size lớn)', N'Nem cuốn tươi thịt bò lúc lắc, rau thơm', 75000, 1),
(149, 1, N'Phở cuốn Hà Nội (size lớn)', N'Bánh phở cuốn nhân bò, húng quế', 65000, 1),
(150, 1, N'Bánh tráng trộn (size lớn)', N'Bánh tráng trộn tôm khô, xoài xanh, sa tế', 50000, 1),
(151, 1, N'Gỏi ngó sen tôm (size lớn)', N'Gỏi ngó sen tôm luộc, thịt ba chỉ, đậu phộng', 85000, 1),
(152, 1, N'Đậu hũ chiên sả ớt (size lớn)', N'Đậu hũ chiên giòn xào sả ớt, cà chua bi', 60000, 1),
(153, 5, N'Phở bò tái chín (size lớn)', N'Phở bò truyền thống nước dùng xương 12h', 90000, 1),
(154, 5, N'Bún bò Huế (size lớn)', N'Bún bò cay đặc trưng, chân giò, chả cua', 95000, 1),
(155, 5, N'Canh chua cá lóc (size lớn)', N'Canh chua ngọt cá lóc, dứa, cà chua, giá đỗ', 80000, 1),
(156, 5, N'Súp bào ngư vi cá (size lớn)', N'Súp cao cấp bào ngư vi cá, trứng cút', 165000, 1),
(157, 5, N'Cháo gà hành gừng (size lớn)', N'Cháo gà ta mềm, hành phi, tiêu, gừng', 70000, 1),
(158, 5, N'Bún riêu cua đồng (size lớn)', N'Bún riêu cua đồng, cà chua, đậu hũ chiên', 85000, 1),
(159, 5, N'Lẩu thái hải sản (size lớn)', N'Lẩu thái chua cay tôm mực cá nấm', 195000, 1),
(160, 5, N'Lẩu bò nhúng dấm (size lớn)', N'Bò nhúng giấm, bún, rau sống, mắm nêm', 175000, 1),
(161, 2, N'Cơm tấm sườn bì (size lớn)', N'Cơm tấm sườn nướng, bì, chả trứng', 100000, 1),
(162, 2, N'Bò lúc lắc tiêu xanh (size lớn)', N'Bò phi lê xào lúc lắc, tiêu xanh, hành tây', 180000, 1),
(163, 2, N'Cá lăng nướng muối ớt (size lớn)', N'Cá lăng nướng nguyên con, muối ớt, sả', 235000, 1),
(164, 2, N'Gà nướng mật ong tỏi (size lớn)', N'Đùi gà nướng mật ong, tỏi phi', 135000, 1),
(165, 2, N'Mì Quảng tôm thịt (size lớn)', N'Mì Quảng, bánh đa giòn, tôm, thịt ba chỉ', 85000, 1),
(166, 2, N'Sườn non kho tộ (size lớn)', N'Sườn non kho nước dừa, trứng cút', 110000, 1),
(167, 2, N'Cá điêu hồng hấp gừng (size lớn)', N'Cá điêu hồng hấp, sốt gừng hành', 145000, 1),
(168, 2, N'Tôm hùm nướng phô mai (size lớn)', N'Nửa con tôm hùm nướng phô mai', 465000, 1),
(169, 2, N'Bò né trứng ốp la (size lớn)', N'Bò né xốt tiêu, trứng ốp la, pate, bánh mì', 110000, 1),
(170, 2, N'Cơm chiên Dương Châu (size lớn)', N'Cơm chiên hải sản tôm mực xúc xích', 95000, 1),
(171, 2, N'Vịt nướng chao (size lớn)', N'Vịt nướng ướp chao, sả, tỏi', 195000, 1),
(172, 2, N'Chả cá Thăng Long (size lớn)', N'Cá lóc chiên nghệ, mắm tôm, bún, rau thơm', 140000, 1),
(173, 2, N'Lươn um chuối đậu (size lớn)', N'Lươn um chuối xanh, đậu phộng, nước cốt dừa', 160000, 1),
(174, 2, N'Cua rang muối (size lớn)', N'Cua biển rang muối ớt tỏi giòn', 295000, 1),
(175, 3, N'Chè ba màu (size lớn)', N'Đậu xanh, đậu đỏ, thạch, nước cốt dừa', 50000, 1),
(176, 3, N'Bánh flan caramel (size lớn)', N'Flan mềm mịn, caramel đắng ngọt', 55000, 1),
(177, 3, N'Kem xôi lá dứa (size lớn)', N'Xôi lá dứa dẻo, kem vani, dừa bào', 60000, 1),
(178, 3, N'Chè trôi nước (size lớn)', N'Nhân đậu xanh, nước gừng', 50000, 1),
(179, 3, N'Bánh chuối nướng (size lớn)', N'Chuối nướng nước cốt dừa, vừng rang', 45000, 1),
(180, 3, N'Chè nhãn long nhãn (size lớn)', N'Long nhãn, hạt sen, nước đường thơm', 60000, 1),
(181, 3, N'Kem sầu riêng (size lớn)', N'Kem sầu riêng Ri6 nguyên chất', 65000, 1),
(182, 3, N'Bánh trôi nước (size lớn)', N'Bánh trôi nhân đường phèn, mè đen', 45000, 1),
(183, 4, N'Cà phê phin sữa đá (size lớn)', N'Robusta pha phin, sữa đặc, đá viên', 50000, 1),
(184, 4, N'Trà đào cam sả (size lớn)', N'Trà đào thơm, cam tươi, sả, đá bào', 60000, 1),
(185, 4, N'Nước mía tươi (size lớn)', N'Nước mía ép tươi, chanh, gừng', 40000, 1),
(186, 4, N'Sinh tố xoài (size lớn)', N'Xoài cát Hòa Lộc thơm ngọt', 55000, 1),
(187, 4, N'Nước dừa tươi (size lớn)', N'Dừa xiêm tươi nguyên trái', 50000, 1),
(188, 4, N'Bia Saigon lon (size lớn)', N'Bia Saigon lon 330ml', 45000, 1),
(189, 4, N'Rượu vang đỏ nhập khẩu (size lớn)', N'175ml vang đỏ nhập khẩu', 105000, 1),
(190, 4, N'Trà atiso Đà Lạt (size lớn)', N'Thảo dược Đà Lạt, ấm 500ml', 45000, 1),
(191, 4, N'Nước cam vắt tươi (size lớn)', N'Cam tươi vắt, không đường', 55000, 1),
(192, 4, N'Soda chanh muối (size lớn)', N'Soda chanh muối giải nhiệt', 40000, 1),
(193, 1, N'Chả giò chiên giòn (size nhỏ)', N'Chả giò nhân thịt heo và rau củ chiên vàng giòn', 65000, 1),
(194, 1, N'Gỏi cuốn tôm thịt (size nhỏ)', N'Gỏi cuốn tươi tôm, thịt heo, bún, rau sống', 60000, 1),
(195, 1, N'Bánh xèo tôm thịt (size nhỏ)', N'Bánh xèo giòn nhân tôm, giá đỗ, nước mắm chua ngọt', 75000, 1),
(196, 1, N'Nem cuốn bò lúc lắc (size nhỏ)', N'Nem cuốn tươi thịt bò lúc lắc, rau thơm', 80000, 1),
(197, 1, N'Phở cuốn Hà Nội (size nhỏ)', N'Bánh phở cuốn nhân bò, húng quế', 70000, 1),
(198, 1, N'Bánh tráng trộn (size nhỏ)', N'Bánh tráng trộn tôm khô, xoài xanh, sa tế', 55000, 1),
(199, 1, N'Gỏi ngó sen tôm (size nhỏ)', N'Gỏi ngó sen tôm luộc, thịt ba chỉ, đậu phộng', 90000, 1),
(200, 1, N'Đậu hũ chiên sả ớt (size nhỏ)', N'Đậu hũ chiên giòn xào sả ớt, cà chua bi', 65000, 1),
(201, 5, N'Phở bò tái chín (size nhỏ)', N'Phở bò truyền thống nước dùng xương 12h', 95000, 1),
(202, 5, N'Bún bò Huế (size nhỏ)', N'Bún bò cay đặc trưng, chân giò, chả cua', 100000, 1),
(203, 5, N'Canh chua cá lóc (size nhỏ)', N'Canh chua ngọt cá lóc, dứa, cà chua, giá đỗ', 85000, 1),
(204, 5, N'Súp bào ngư vi cá (size nhỏ)', N'Súp cao cấp bào ngư vi cá, trứng cút', 170000, 1),
(205, 5, N'Cháo gà hành gừng (size nhỏ)', N'Cháo gà ta mềm, hành phi, tiêu, gừng', 75000, 1),
(206, 5, N'Bún riêu cua đồng (size nhỏ)', N'Bún riêu cua đồng, cà chua, đậu hũ chiên', 90000, 1),
(207, 5, N'Lẩu thái hải sản (size nhỏ)', N'Lẩu thái chua cay tôm mực cá nấm', 200000, 1),
(208, 5, N'Lẩu bò nhúng dấm (size nhỏ)', N'Bò nhúng giấm, bún, rau sống, mắm nêm', 180000, 1),
(209, 2, N'Cơm tấm sườn bì (size nhỏ)', N'Cơm tấm sườn nướng, bì, chả trứng', 105000, 1),
(210, 2, N'Bò lúc lắc tiêu xanh (size nhỏ)', N'Bò phi lê xào lúc lắc, tiêu xanh, hành tây', 185000, 1),
(211, 2, N'Cá lăng nướng muối ớt (size nhỏ)', N'Cá lăng nướng nguyên con, muối ớt, sả', 240000, 1),
(212, 2, N'Gà nướng mật ong tỏi (size nhỏ)', N'Đùi gà nướng mật ong, tỏi phi', 140000, 1),
(213, 2, N'Mì Quảng tôm thịt (size nhỏ)', N'Mì Quảng, bánh đa giòn, tôm, thịt ba chỉ', 90000, 1),
(214, 2, N'Sườn non kho tộ (size nhỏ)', N'Sườn non kho nước dừa, trứng cút', 115000, 1),
(215, 2, N'Cá điêu hồng hấp gừng (size nhỏ)', N'Cá điêu hồng hấp, sốt gừng hành', 150000, 1),
(216, 2, N'Tôm hùm nướng phô mai (size nhỏ)', N'Nửa con tôm hùm nướng phô mai', 470000, 1),
(217, 2, N'Bò né trứng ốp la (size nhỏ)', N'Bò né xốt tiêu, trứng ốp la, pate, bánh mì', 115000, 1),
(218, 2, N'Cơm chiên Dương Châu (size nhỏ)', N'Cơm chiên hải sản tôm mực xúc xích', 100000, 1),
(219, 2, N'Vịt nướng chao (size nhỏ)', N'Vịt nướng ướp chao, sả, tỏi', 200000, 1),
(220, 2, N'Chả cá Thăng Long (size nhỏ)', N'Cá lóc chiên nghệ, mắm tôm, bún, rau thơm', 145000, 1),
(221, 2, N'Lươn um chuối đậu (size nhỏ)', N'Lươn um chuối xanh, đậu phộng, nước cốt dừa', 165000, 1),
(222, 2, N'Cua rang muối (size nhỏ)', N'Cua biển rang muối ớt tỏi giòn', 300000, 1),
(223, 3, N'Chè ba màu (size nhỏ)', N'Đậu xanh, đậu đỏ, thạch, nước cốt dừa', 55000, 1),
(224, 3, N'Bánh flan caramel (size nhỏ)', N'Flan mềm mịn, caramel đắng ngọt', 60000, 1),
(225, 3, N'Kem xôi lá dứa (size nhỏ)', N'Xôi lá dứa dẻo, kem vani, dừa bào', 65000, 1),
(226, 3, N'Chè trôi nước (size nhỏ)', N'Nhân đậu xanh, nước gừng', 55000, 1),
(227, 3, N'Bánh chuối nướng (size nhỏ)', N'Chuối nướng nước cốt dừa, vừng rang', 50000, 1),
(228, 3, N'Chè nhãn long nhãn (size nhỏ)', N'Long nhãn, hạt sen, nước đường thơm', 65000, 1),
(229, 3, N'Kem sầu riêng (size nhỏ)', N'Kem sầu riêng Ri6 nguyên chất', 70000, 1),
(230, 3, N'Bánh trôi nước (size nhỏ)', N'Bánh trôi nhân đường phèn, mè đen', 50000, 1),
(231, 4, N'Cà phê phin sữa đá (size nhỏ)', N'Robusta pha phin, sữa đặc, đá viên', 55000, 1),
(232, 4, N'Trà đào cam sả (size nhỏ)', N'Trà đào thơm, cam tươi, sả, đá bào', 65000, 1),
(233, 4, N'Nước mía tươi (size nhỏ)', N'Nước mía ép tươi, chanh, gừng', 45000, 1),
(234, 4, N'Sinh tố xoài (size nhỏ)', N'Xoài cát Hòa Lộc thơm ngọt', 60000, 1),
(235, 4, N'Nước dừa tươi (size nhỏ)', N'Dừa xiêm tươi nguyên trái', 55000, 1),
(236, 4, N'Bia Saigon lon (size nhỏ)', N'Bia Saigon lon 330ml', 50000, 1),
(237, 4, N'Rượu vang đỏ nhập khẩu (size nhỏ)', N'175ml vang đỏ nhập khẩu', 110000, 1),
(238, 4, N'Trà atiso Đà Lạt (size nhỏ)', N'Thảo dược Đà Lạt, ấm 500ml', 50000, 1),
(239, 4, N'Nước cam vắt tươi (size nhỏ)', N'Cam tươi vắt, không đường', 60000, 1),
(240, 4, N'Soda chanh muối (size nhỏ)', N'Soda chanh muối giải nhiệt', 45000, 1),
(241, 1, N'Chả giò chiên giòn (thêm phô mai)', N'Chả giò nhân thịt heo và rau củ chiên vàng giòn', 70000, 1),
(242, 1, N'Gỏi cuốn tôm thịt (thêm phô mai)', N'Gỏi cuốn tươi tôm, thịt heo, bún, rau sống', 65000, 1),
(243, 1, N'Bánh xèo tôm thịt (thêm phô mai)', N'Bánh xèo giòn nhân tôm, giá đỗ, nước mắm chua ngọt', 80000, 1),
(244, 1, N'Nem cuốn bò lúc lắc (thêm phô mai)', N'Nem cuốn tươi thịt bò lúc lắc, rau thơm', 85000, 1),
(245, 1, N'Phở cuốn Hà Nội (thêm phô mai)', N'Bánh phở cuốn nhân bò, húng quế', 75000, 1),
(246, 1, N'Bánh tráng trộn (thêm phô mai)', N'Bánh tráng trộn tôm khô, xoài xanh, sa tế', 60000, 1),
(247, 1, N'Gỏi ngó sen tôm (thêm phô mai)', N'Gỏi ngó sen tôm luộc, thịt ba chỉ, đậu phộng', 95000, 1),
(248, 1, N'Đậu hũ chiên sả ớt (thêm phô mai)', N'Đậu hũ chiên giòn xào sả ớt, cà chua bi', 70000, 1),
(249, 5, N'Phở bò tái chín (thêm phô mai)', N'Phở bò truyền thống nước dùng xương 12h', 100000, 1),
(250, 5, N'Bún bò Huế (thêm phô mai)', N'Bún bò cay đặc trưng, chân giò, chả cua', 105000, 1),
(251, 5, N'Canh chua cá lóc (thêm phô mai)', N'Canh chua ngọt cá lóc, dứa, cà chua, giá đỗ', 90000, 1),
(252, 5, N'Súp bào ngư vi cá (thêm phô mai)', N'Súp cao cấp bào ngư vi cá, trứng cút', 175000, 1),
(253, 5, N'Cháo gà hành gừng (thêm phô mai)', N'Cháo gà ta mềm, hành phi, tiêu, gừng', 80000, 1),
(254, 5, N'Bún riêu cua đồng (thêm phô mai)', N'Bún riêu cua đồng, cà chua, đậu hũ chiên', 95000, 1),
(255, 5, N'Lẩu thái hải sản (thêm phô mai)', N'Lẩu thái chua cay tôm mực cá nấm', 205000, 1),
(256, 5, N'Lẩu bò nhúng dấm (thêm phô mai)', N'Bò nhúng giấm, bún, rau sống, mắm nêm', 185000, 1),
(257, 2, N'Cơm tấm sườn bì (thêm phô mai)', N'Cơm tấm sườn nướng, bì, chả trứng', 110000, 1),
(258, 2, N'Bò lúc lắc tiêu xanh (thêm phô mai)', N'Bò phi lê xào lúc lắc, tiêu xanh, hành tây', 190000, 1),
(259, 2, N'Cá lăng nướng muối ớt (thêm phô mai)', N'Cá lăng nướng nguyên con, muối ớt, sả', 245000, 1),
(260, 2, N'Gà nướng mật ong tỏi (thêm phô mai)', N'Đùi gà nướng mật ong, tỏi phi', 145000, 1),
(261, 2, N'Mì Quảng tôm thịt (thêm phô mai)', N'Mì Quảng, bánh đa giòn, tôm, thịt ba chỉ', 95000, 1),
(262, 2, N'Sườn non kho tộ (thêm phô mai)', N'Sườn non kho nước dừa, trứng cút', 120000, 1),
(263, 2, N'Cá điêu hồng hấp gừng (thêm phô mai)', N'Cá điêu hồng hấp, sốt gừng hành', 155000, 1),
(264, 2, N'Tôm hùm nướng phô mai (thêm phô mai)', N'Nửa con tôm hùm nướng phô mai', 475000, 1),
(265, 2, N'Bò né trứng ốp la (thêm phô mai)', N'Bò né xốt tiêu, trứng ốp la, pate, bánh mì', 120000, 1),
(266, 2, N'Cơm chiên Dương Châu (thêm phô mai)', N'Cơm chiên hải sản tôm mực xúc xích', 105000, 1),
(267, 2, N'Vịt nướng chao (thêm phô mai)', N'Vịt nướng ướp chao, sả, tỏi', 205000, 1),
(268, 2, N'Chả cá Thăng Long (thêm phô mai)', N'Cá lóc chiên nghệ, mắm tôm, bún, rau thơm', 150000, 1),
(269, 2, N'Lươn um chuối đậu (thêm phô mai)', N'Lươn um chuối xanh, đậu phộng, nước cốt dừa', 170000, 1),
(270, 2, N'Cua rang muối (thêm phô mai)', N'Cua biển rang muối ớt tỏi giòn', 305000, 1),
(271, 3, N'Chè ba màu (thêm phô mai)', N'Đậu xanh, đậu đỏ, thạch, nước cốt dừa', 60000, 1),
(272, 3, N'Bánh flan caramel (thêm phô mai)', N'Flan mềm mịn, caramel đắng ngọt', 65000, 1),
(273, 3, N'Kem xôi lá dứa (thêm phô mai)', N'Xôi lá dứa dẻo, kem vani, dừa bào', 70000, 1),
(274, 3, N'Chè trôi nước (thêm phô mai)', N'Nhân đậu xanh, nước gừng', 60000, 1),
(275, 3, N'Bánh chuối nướng (thêm phô mai)', N'Chuối nướng nước cốt dừa, vừng rang', 55000, 1),
(276, 3, N'Chè nhãn long nhãn (thêm phô mai)', N'Long nhãn, hạt sen, nước đường thơm', 70000, 1),
(277, 3, N'Kem sầu riêng (thêm phô mai)', N'Kem sầu riêng Ri6 nguyên chất', 75000, 1),
(278, 3, N'Bánh trôi nước (thêm phô mai)', N'Bánh trôi nhân đường phèn, mè đen', 55000, 1),
(279, 4, N'Cà phê phin sữa đá (thêm phô mai)', N'Robusta pha phin, sữa đặc, đá viên', 60000, 1),
(280, 4, N'Trà đào cam sả (thêm phô mai)', N'Trà đào thơm, cam tươi, sả, đá bào', 70000, 1),
(281, 4, N'Nước mía tươi (thêm phô mai)', N'Nước mía ép tươi, chanh, gừng', 50000, 1),
(282, 4, N'Sinh tố xoài (thêm phô mai)', N'Xoài cát Hòa Lộc thơm ngọt', 65000, 1),
(283, 4, N'Nước dừa tươi (thêm phô mai)', N'Dừa xiêm tươi nguyên trái', 60000, 1),
(284, 4, N'Bia Saigon lon (thêm phô mai)', N'Bia Saigon lon 330ml', 55000, 1),
(285, 4, N'Rượu vang đỏ nhập khẩu (thêm phô mai)', N'175ml vang đỏ nhập khẩu', 115000, 1),
(286, 4, N'Trà atiso Đà Lạt (thêm phô mai)', N'Thảo dược Đà Lạt, ấm 500ml', 55000, 1),
(287, 4, N'Nước cam vắt tươi (thêm phô mai)', N'Cam tươi vắt, không đường', 65000, 1),
(288, 4, N'Soda chanh muối (thêm phô mai)', N'Soda chanh muối giải nhiệt', 50000, 1),
(289, 1, N'Chả giò chiên giòn (ít cay)', N'Chả giò nhân thịt heo và rau củ chiên vàng giòn', 75000, 1),
(290, 1, N'Gỏi cuốn tôm thịt (ít cay)', N'Gỏi cuốn tươi tôm, thịt heo, bún, rau sống', 70000, 1),
(291, 1, N'Bánh xèo tôm thịt (ít cay)', N'Bánh xèo giòn nhân tôm, giá đỗ, nước mắm chua ngọt', 85000, 1),
(292, 1, N'Nem cuốn bò lúc lắc (ít cay)', N'Nem cuốn tươi thịt bò lúc lắc, rau thơm', 90000, 1),
(293, 1, N'Phở cuốn Hà Nội (ít cay)', N'Bánh phở cuốn nhân bò, húng quế', 80000, 1),
(294, 1, N'Bánh tráng trộn (ít cay)', N'Bánh tráng trộn tôm khô, xoài xanh, sa tế', 65000, 1),
(295, 1, N'Gỏi ngó sen tôm (ít cay)', N'Gỏi ngó sen tôm luộc, thịt ba chỉ, đậu phộng', 100000, 1),
(296, 1, N'Đậu hũ chiên sả ớt (ít cay)', N'Đậu hũ chiên giòn xào sả ớt, cà chua bi', 75000, 1),
(297, 5, N'Phở bò tái chín (ít cay)', N'Phở bò truyền thống nước dùng xương 12h', 105000, 1),
(298, 5, N'Bún bò Huế (ít cay)', N'Bún bò cay đặc trưng, chân giò, chả cua', 110000, 1),
(299, 5, N'Canh chua cá lóc (ít cay)', N'Canh chua ngọt cá lóc, dứa, cà chua, giá đỗ', 95000, 1),
(300, 5, N'Súp bào ngư vi cá (ít cay)', N'Súp cao cấp bào ngư vi cá, trứng cút', 180000, 1),
(301, 5, N'Cháo gà hành gừng (ít cay)', N'Cháo gà ta mềm, hành phi, tiêu, gừng', 85000, 1),
(302, 5, N'Bún riêu cua đồng (ít cay)', N'Bún riêu cua đồng, cà chua, đậu hũ chiên', 100000, 1),
(303, 5, N'Lẩu thái hải sản (ít cay)', N'Lẩu thái chua cay tôm mực cá nấm', 210000, 1),
(304, 5, N'Lẩu bò nhúng dấm (ít cay)', N'Bò nhúng giấm, bún, rau sống, mắm nêm', 190000, 1),
(305, 2, N'Cơm tấm sườn bì (ít cay)', N'Cơm tấm sườn nướng, bì, chả trứng', 115000, 1),
(306, 2, N'Bò lúc lắc tiêu xanh (ít cay)', N'Bò phi lê xào lúc lắc, tiêu xanh, hành tây', 195000, 1),
(307, 2, N'Cá lăng nướng muối ớt (ít cay)', N'Cá lăng nướng nguyên con, muối ớt, sả', 250000, 1),
(308, 2, N'Gà nướng mật ong tỏi (ít cay)', N'Đùi gà nướng mật ong, tỏi phi', 150000, 1),
(309, 2, N'Mì Quảng tôm thịt (ít cay)', N'Mì Quảng, bánh đa giòn, tôm, thịt ba chỉ', 100000, 1),
(310, 2, N'Sườn non kho tộ (ít cay)', N'Sườn non kho nước dừa, trứng cút', 125000, 1),
(311, 2, N'Cá điêu hồng hấp gừng (ít cay)', N'Cá điêu hồng hấp, sốt gừng hành', 160000, 1),
(312, 2, N'Tôm hùm nướng phô mai (ít cay)', N'Nửa con tôm hùm nướng phô mai', 480000, 1),
(313, 2, N'Bò né trứng ốp la (ít cay)', N'Bò né xốt tiêu, trứng ốp la, pate, bánh mì', 125000, 1),
(314, 2, N'Cơm chiên Dương Châu (ít cay)', N'Cơm chiên hải sản tôm mực xúc xích', 110000, 1),
(315, 2, N'Vịt nướng chao (ít cay)', N'Vịt nướng ướp chao, sả, tỏi', 210000, 1),
(316, 2, N'Chả cá Thăng Long (ít cay)', N'Cá lóc chiên nghệ, mắm tôm, bún, rau thơm', 155000, 1),
(317, 2, N'Lươn um chuối đậu (ít cay)', N'Lươn um chuối xanh, đậu phộng, nước cốt dừa', 175000, 1),
(318, 2, N'Cua rang muối (ít cay)', N'Cua biển rang muối ớt tỏi giòn', 310000, 1),
(319, 3, N'Chè ba màu (ít cay)', N'Đậu xanh, đậu đỏ, thạch, nước cốt dừa', 65000, 1),
(320, 3, N'Bánh flan caramel (ít cay)', N'Flan mềm mịn, caramel đắng ngọt', 70000, 1),
(321, 3, N'Kem xôi lá dứa (ít cay)', N'Xôi lá dứa dẻo, kem vani, dừa bào', 75000, 1),
(322, 3, N'Chè trôi nước (ít cay)', N'Nhân đậu xanh, nước gừng', 65000, 1),
(323, 3, N'Bánh chuối nướng (ít cay)', N'Chuối nướng nước cốt dừa, vừng rang', 60000, 1),
(324, 3, N'Chè nhãn long nhãn (ít cay)', N'Long nhãn, hạt sen, nước đường thơm', 75000, 1),
(325, 3, N'Kem sầu riêng (ít cay)', N'Kem sầu riêng Ri6 nguyên chất', 80000, 1),
(326, 3, N'Bánh trôi nước (ít cay)', N'Bánh trôi nhân đường phèn, mè đen', 60000, 1),
(327, 4, N'Cà phê phin sữa đá (ít cay)', N'Robusta pha phin, sữa đặc, đá viên', 65000, 1),
(328, 4, N'Trà đào cam sả (ít cay)', N'Trà đào thơm, cam tươi, sả, đá bào', 75000, 1),
(329, 4, N'Nước mía tươi (ít cay)', N'Nước mía ép tươi, chanh, gừng', 55000, 1),
(330, 4, N'Sinh tố xoài (ít cay)', N'Xoài cát Hòa Lộc thơm ngọt', 70000, 1),
(331, 4, N'Nước dừa tươi (ít cay)', N'Dừa xiêm tươi nguyên trái', 65000, 1),
(332, 4, N'Bia Saigon lon (ít cay)', N'Bia Saigon lon 330ml', 60000, 1),
(333, 4, N'Rượu vang đỏ nhập khẩu (ít cay)', N'175ml vang đỏ nhập khẩu', 120000, 1),
(334, 4, N'Trà atiso Đà Lạt (ít cay)', N'Thảo dược Đà Lạt, ấm 500ml', 60000, 1),
(335, 4, N'Nước cam vắt tươi (ít cay)', N'Cam tươi vắt, không đường', 70000, 1),
(336, 4, N'Soda chanh muối (ít cay)', N'Soda chanh muối giải nhiệt', 55000, 1),
(337, 1, N'Chả giò chiên giòn (nhiều topping)', N'Chả giò nhân thịt heo và rau củ chiên vàng giòn', 80000, 1),
(338, 1, N'Gỏi cuốn tôm thịt (nhiều topping)', N'Gỏi cuốn tươi tôm, thịt heo, bún, rau sống', 75000, 1),
(339, 1, N'Bánh xèo tôm thịt (nhiều topping)', N'Bánh xèo giòn nhân tôm, giá đỗ, nước mắm chua ngọt', 90000, 1),
(340, 1, N'Nem cuốn bò lúc lắc (nhiều topping)', N'Nem cuốn tươi thịt bò lúc lắc, rau thơm', 95000, 1),
(341, 1, N'Phở cuốn Hà Nội (nhiều topping)', N'Bánh phở cuốn nhân bò, húng quế', 85000, 1),
(342, 1, N'Bánh tráng trộn (nhiều topping)', N'Bánh tráng trộn tôm khô, xoài xanh, sa tế', 70000, 1),
(343, 1, N'Gỏi ngó sen tôm (nhiều topping)', N'Gỏi ngó sen tôm luộc, thịt ba chỉ, đậu phộng', 105000, 1),
(344, 1, N'Đậu hũ chiên sả ớt (nhiều topping)', N'Đậu hũ chiên giòn xào sả ớt, cà chua bi', 80000, 1),
(345, 5, N'Phở bò tái chín (nhiều topping)', N'Phở bò truyền thống nước dùng xương 12h', 110000, 1),
(346, 5, N'Bún bò Huế (nhiều topping)', N'Bún bò cay đặc trưng, chân giò, chả cua', 115000, 1),
(347, 5, N'Canh chua cá lóc (nhiều topping)', N'Canh chua ngọt cá lóc, dứa, cà chua, giá đỗ', 100000, 1),
(348, 5, N'Súp bào ngư vi cá (nhiều topping)', N'Súp cao cấp bào ngư vi cá, trứng cút', 185000, 1),
(349, 5, N'Cháo gà hành gừng (nhiều topping)', N'Cháo gà ta mềm, hành phi, tiêu, gừng', 90000, 1),
(350, 5, N'Bún riêu cua đồng (nhiều topping)', N'Bún riêu cua đồng, cà chua, đậu hũ chiên', 105000, 1),
(351, 5, N'Lẩu thái hải sản (nhiều topping)', N'Lẩu thái chua cay tôm mực cá nấm', 215000, 1),
(352, 5, N'Lẩu bò nhúng dấm (nhiều topping)', N'Bò nhúng giấm, bún, rau sống, mắm nêm', 195000, 1),
(353, 2, N'Cơm tấm sườn bì (nhiều topping)', N'Cơm tấm sườn nướng, bì, chả trứng', 120000, 1),
(354, 2, N'Bò lúc lắc tiêu xanh (nhiều topping)', N'Bò phi lê xào lúc lắc, tiêu xanh, hành tây', 200000, 1),
(355, 2, N'Cá lăng nướng muối ớt (nhiều topping)', N'Cá lăng nướng nguyên con, muối ớt, sả', 255000, 1),
(356, 2, N'Gà nướng mật ong tỏi (nhiều topping)', N'Đùi gà nướng mật ong, tỏi phi', 155000, 1),
(357, 2, N'Mì Quảng tôm thịt (nhiều topping)', N'Mì Quảng, bánh đa giòn, tôm, thịt ba chỉ', 105000, 1),
(358, 2, N'Sườn non kho tộ (nhiều topping)', N'Sườn non kho nước dừa, trứng cút', 130000, 1),
(359, 2, N'Cá điêu hồng hấp gừng (nhiều topping)', N'Cá điêu hồng hấp, sốt gừng hành', 165000, 1),
(360, 2, N'Tôm hùm nướng phô mai (nhiều topping)', N'Nửa con tôm hùm nướng phô mai', 485000, 1),
(361, 2, N'Bò né trứng ốp la (nhiều topping)', N'Bò né xốt tiêu, trứng ốp la, pate, bánh mì', 130000, 1),
(362, 2, N'Cơm chiên Dương Châu (nhiều topping)', N'Cơm chiên hải sản tôm mực xúc xích', 115000, 1),
(363, 2, N'Vịt nướng chao (nhiều topping)', N'Vịt nướng ướp chao, sả, tỏi', 215000, 1),
(364, 2, N'Chả cá Thăng Long (nhiều topping)', N'Cá lóc chiên nghệ, mắm tôm, bún, rau thơm', 160000, 1),
(365, 2, N'Lươn um chuối đậu (nhiều topping)', N'Lươn um chuối xanh, đậu phộng, nước cốt dừa', 180000, 1),
(366, 2, N'Cua rang muối (nhiều topping)', N'Cua biển rang muối ớt tỏi giòn', 315000, 1),
(367, 3, N'Chè ba màu (nhiều topping)', N'Đậu xanh, đậu đỏ, thạch, nước cốt dừa', 70000, 1),
(368, 3, N'Bánh flan caramel (nhiều topping)', N'Flan mềm mịn, caramel đắng ngọt', 75000, 1),
(369, 3, N'Kem xôi lá dứa (nhiều topping)', N'Xôi lá dứa dẻo, kem vani, dừa bào', 80000, 1),
(370, 3, N'Chè trôi nước (nhiều topping)', N'Nhân đậu xanh, nước gừng', 70000, 1),
(371, 3, N'Bánh chuối nướng (nhiều topping)', N'Chuối nướng nước cốt dừa, vừng rang', 65000, 1),
(372, 3, N'Chè nhãn long nhãn (nhiều topping)', N'Long nhãn, hạt sen, nước đường thơm', 80000, 1),
(373, 3, N'Kem sầu riêng (nhiều topping)', N'Kem sầu riêng Ri6 nguyên chất', 85000, 1),
(374, 3, N'Bánh trôi nước (nhiều topping)', N'Bánh trôi nhân đường phèn, mè đen', 65000, 1),
(375, 4, N'Cà phê phin sữa đá (nhiều topping)', N'Robusta pha phin, sữa đặc, đá viên', 70000, 1),
(376, 4, N'Trà đào cam sả (nhiều topping)', N'Trà đào thơm, cam tươi, sả, đá bào', 80000, 1),
(377, 4, N'Nước mía tươi (nhiều topping)', N'Nước mía ép tươi, chanh, gừng', 60000, 1),
(378, 4, N'Sinh tố xoài (nhiều topping)', N'Xoài cát Hòa Lộc thơm ngọt', 75000, 1),
(379, 4, N'Nước dừa tươi (nhiều topping)', N'Dừa xiêm tươi nguyên trái', 70000, 1),
(380, 4, N'Bia Saigon lon (nhiều topping)', N'Bia Saigon lon 330ml', 65000, 1),
(381, 4, N'Rượu vang đỏ nhập khẩu (nhiều topping)', N'175ml vang đỏ nhập khẩu', 125000, 1),
(382, 4, N'Trà atiso Đà Lạt (nhiều topping)', N'Thảo dược Đà Lạt, ấm 500ml', 65000, 1),
(383, 4, N'Nước cam vắt tươi (nhiều topping)', N'Cam tươi vắt, không đường', 75000, 1),
(384, 4, N'Soda chanh muối (nhiều topping)', N'Soda chanh muối giải nhiệt', 60000, 1),
(385, 1, N'Chả giò chiên giòn (combo)', N'Chả giò nhân thịt heo và rau củ chiên vàng giòn', 85000, 1),
(386, 1, N'Gỏi cuốn tôm thịt (combo)', N'Gỏi cuốn tươi tôm, thịt heo, bún, rau sống', 80000, 1),
(387, 1, N'Bánh xèo tôm thịt (combo)', N'Bánh xèo giòn nhân tôm, giá đỗ, nước mắm chua ngọt', 95000, 1),
(388, 1, N'Nem cuốn bò lúc lắc (combo)', N'Nem cuốn tươi thịt bò lúc lắc, rau thơm', 100000, 1),
(389, 1, N'Phở cuốn Hà Nội (combo)', N'Bánh phở cuốn nhân bò, húng quế', 90000, 1),
(390, 1, N'Bánh tráng trộn (combo)', N'Bánh tráng trộn tôm khô, xoài xanh, sa tế', 75000, 1),
(391, 1, N'Gỏi ngó sen tôm (combo)', N'Gỏi ngó sen tôm luộc, thịt ba chỉ, đậu phộng', 110000, 1),
(392, 1, N'Đậu hũ chiên sả ớt (combo)', N'Đậu hũ chiên giòn xào sả ớt, cà chua bi', 85000, 1),
(393, 5, N'Phở bò tái chín (combo)', N'Phở bò truyền thống nước dùng xương 12h', 115000, 1),
(394, 5, N'Bún bò Huế (combo)', N'Bún bò cay đặc trưng, chân giò, chả cua', 120000, 1),
(395, 5, N'Canh chua cá lóc (combo)', N'Canh chua ngọt cá lóc, dứa, cà chua, giá đỗ', 105000, 1),
(396, 5, N'Súp bào ngư vi cá (combo)', N'Súp cao cấp bào ngư vi cá, trứng cút', 190000, 1),
(397, 5, N'Cháo gà hành gừng (combo)', N'Cháo gà ta mềm, hành phi, tiêu, gừng', 95000, 1),
(398, 5, N'Bún riêu cua đồng (combo)', N'Bún riêu cua đồng, cà chua, đậu hũ chiên', 110000, 1),
(399, 5, N'Lẩu thái hải sản (combo)', N'Lẩu thái chua cay tôm mực cá nấm', 220000, 1),
(400, 5, N'Lẩu bò nhúng dấm (combo)', N'Bò nhúng giấm, bún, rau sống, mắm nêm', 200000, 1),
(401, 2, N'Cơm tấm sườn bì (combo)', N'Cơm tấm sườn nướng, bì, chả trứng', 125000, 1),
(402, 2, N'Bò lúc lắc tiêu xanh (combo)', N'Bò phi lê xào lúc lắc, tiêu xanh, hành tây', 205000, 1),
(403, 2, N'Cá lăng nướng muối ớt (combo)', N'Cá lăng nướng nguyên con, muối ớt, sả', 260000, 1),
(404, 2, N'Gà nướng mật ong tỏi (combo)', N'Đùi gà nướng mật ong, tỏi phi', 160000, 1),
(405, 2, N'Mì Quảng tôm thịt (combo)', N'Mì Quảng, bánh đa giòn, tôm, thịt ba chỉ', 110000, 1),
(406, 2, N'Sườn non kho tộ (combo)', N'Sườn non kho nước dừa, trứng cút', 135000, 1),
(407, 2, N'Cá điêu hồng hấp gừng (combo)', N'Cá điêu hồng hấp, sốt gừng hành', 170000, 1),
(408, 2, N'Tôm hùm nướng phô mai (combo)', N'Nửa con tôm hùm nướng phô mai', 490000, 1),
(409, 2, N'Bò né trứng ốp la (combo)', N'Bò né xốt tiêu, trứng ốp la, pate, bánh mì', 135000, 1),
(410, 2, N'Cơm chiên Dương Châu (combo)', N'Cơm chiên hải sản tôm mực xúc xích', 120000, 1),
(411, 2, N'Vịt nướng chao (combo)', N'Vịt nướng ướp chao, sả, tỏi', 220000, 1),
(412, 2, N'Chả cá Thăng Long (combo)', N'Cá lóc chiên nghệ, mắm tôm, bún, rau thơm', 165000, 1),
(413, 2, N'Lươn um chuối đậu (combo)', N'Lươn um chuối xanh, đậu phộng, nước cốt dừa', 185000, 1),
(414, 2, N'Cua rang muối (combo)', N'Cua biển rang muối ớt tỏi giòn', 320000, 1),
(415, 3, N'Chè ba màu (combo)', N'Đậu xanh, đậu đỏ, thạch, nước cốt dừa', 75000, 1),
(416, 3, N'Bánh flan caramel (combo)', N'Flan mềm mịn, caramel đắng ngọt', 80000, 1),
(417, 3, N'Kem xôi lá dứa (combo)', N'Xôi lá dứa dẻo, kem vani, dừa bào', 85000, 1),
(418, 3, N'Chè trôi nước (combo)', N'Nhân đậu xanh, nước gừng', 75000, 1),
(419, 3, N'Bánh chuối nướng (combo)', N'Chuối nướng nước cốt dừa, vừng rang', 70000, 1),
(420, 3, N'Chè nhãn long nhãn (combo)', N'Long nhãn, hạt sen, nước đường thơm', 85000, 1),
(421, 3, N'Kem sầu riêng (combo)', N'Kem sầu riêng Ri6 nguyên chất', 90000, 1),
(422, 3, N'Bánh trôi nước (combo)', N'Bánh trôi nhân đường phèn, mè đen', 70000, 1),
(423, 4, N'Cà phê phin sữa đá (combo)', N'Robusta pha phin, sữa đặc, đá viên', 75000, 1),
(424, 4, N'Trà đào cam sả (combo)', N'Trà đào thơm, cam tươi, sả, đá bào', 85000, 1),
(425, 4, N'Nước mía tươi (combo)', N'Nước mía ép tươi, chanh, gừng', 65000, 1),
(426, 4, N'Sinh tố xoài (combo)', N'Xoài cát Hòa Lộc thơm ngọt', 80000, 1),
(427, 4, N'Nước dừa tươi (combo)', N'Dừa xiêm tươi nguyên trái', 75000, 1),
(428, 4, N'Bia Saigon lon (combo)', N'Bia Saigon lon 330ml', 70000, 1),
(429, 4, N'Rượu vang đỏ nhập khẩu (combo)', N'175ml vang đỏ nhập khẩu', 130000, 1),
(430, 4, N'Trà atiso Đà Lạt (combo)', N'Thảo dược Đà Lạt, ấm 500ml', 70000, 1),
(431, 4, N'Nước cam vắt tươi (combo)', N'Cam tươi vắt, không đường', 80000, 1),
(432, 4, N'Soda chanh muối (combo)', N'Soda chanh muối giải nhiệt', 65000, 1),
(433, 1, N'Chả giò chiên giòn (đặc biệt)', N'Chả giò nhân thịt heo và rau củ chiên vàng giòn', 90000, 1),
(434, 1, N'Gỏi cuốn tôm thịt (đặc biệt)', N'Gỏi cuốn tươi tôm, thịt heo, bún, rau sống', 85000, 1),
(435, 1, N'Bánh xèo tôm thịt (đặc biệt)', N'Bánh xèo giòn nhân tôm, giá đỗ, nước mắm chua ngọt', 100000, 1),
(436, 1, N'Nem cuốn bò lúc lắc (đặc biệt)', N'Nem cuốn tươi thịt bò lúc lắc, rau thơm', 105000, 1),
(437, 1, N'Phở cuốn Hà Nội (đặc biệt)', N'Bánh phở cuốn nhân bò, húng quế', 95000, 1),
(438, 1, N'Bánh tráng trộn (đặc biệt)', N'Bánh tráng trộn tôm khô, xoài xanh, sa tế', 80000, 1),
(439, 1, N'Gỏi ngó sen tôm (đặc biệt)', N'Gỏi ngó sen tôm luộc, thịt ba chỉ, đậu phộng', 115000, 1),
(440, 1, N'Đậu hũ chiên sả ớt (đặc biệt)', N'Đậu hũ chiên giòn xào sả ớt, cà chua bi', 90000, 1),
(441, 5, N'Phở bò tái chín (đặc biệt)', N'Phở bò truyền thống nước dùng xương 12h', 120000, 1),
(442, 5, N'Bún bò Huế (đặc biệt)', N'Bún bò cay đặc trưng, chân giò, chả cua', 125000, 1),
(443, 5, N'Canh chua cá lóc (đặc biệt)', N'Canh chua ngọt cá lóc, dứa, cà chua, giá đỗ', 110000, 1),
(444, 5, N'Súp bào ngư vi cá (đặc biệt)', N'Súp cao cấp bào ngư vi cá, trứng cút', 195000, 1),
(445, 5, N'Cháo gà hành gừng (đặc biệt)', N'Cháo gà ta mềm, hành phi, tiêu, gừng', 100000, 1),
(446, 5, N'Bún riêu cua đồng (đặc biệt)', N'Bún riêu cua đồng, cà chua, đậu hũ chiên', 115000, 1),
(447, 5, N'Lẩu thái hải sản (đặc biệt)', N'Lẩu thái chua cay tôm mực cá nấm', 225000, 1),
(448, 5, N'Lẩu bò nhúng dấm (đặc biệt)', N'Bò nhúng giấm, bún, rau sống, mắm nêm', 205000, 1),
(449, 2, N'Cơm tấm sườn bì (đặc biệt)', N'Cơm tấm sườn nướng, bì, chả trứng', 130000, 1),
(450, 2, N'Bò lúc lắc tiêu xanh (đặc biệt)', N'Bò phi lê xào lúc lắc, tiêu xanh, hành tây', 210000, 1),
(451, 2, N'Cá lăng nướng muối ớt (đặc biệt)', N'Cá lăng nướng nguyên con, muối ớt, sả', 265000, 1),
(452, 2, N'Gà nướng mật ong tỏi (đặc biệt)', N'Đùi gà nướng mật ong, tỏi phi', 165000, 1),
(453, 2, N'Mì Quảng tôm thịt (đặc biệt)', N'Mì Quảng, bánh đa giòn, tôm, thịt ba chỉ', 115000, 1),
(454, 2, N'Sườn non kho tộ (đặc biệt)', N'Sườn non kho nước dừa, trứng cút', 140000, 1),
(455, 2, N'Cá điêu hồng hấp gừng (đặc biệt)', N'Cá điêu hồng hấp, sốt gừng hành', 175000, 1),
(456, 2, N'Tôm hùm nướng phô mai (đặc biệt)', N'Nửa con tôm hùm nướng phô mai', 495000, 1),
(457, 2, N'Bò né trứng ốp la (đặc biệt)', N'Bò né xốt tiêu, trứng ốp la, pate, bánh mì', 140000, 1),
(458, 2, N'Cơm chiên Dương Châu (đặc biệt)', N'Cơm chiên hải sản tôm mực xúc xích', 125000, 1),
(459, 2, N'Vịt nướng chao (đặc biệt)', N'Vịt nướng ướp chao, sả, tỏi', 225000, 1),
(460, 2, N'Chả cá Thăng Long (đặc biệt)', N'Cá lóc chiên nghệ, mắm tôm, bún, rau thơm', 170000, 1),
(461, 2, N'Lươn um chuối đậu (đặc biệt)', N'Lươn um chuối xanh, đậu phộng, nước cốt dừa', 190000, 1),
(462, 2, N'Cua rang muối (đặc biệt)', N'Cua biển rang muối ớt tỏi giòn', 325000, 1),
(463, 3, N'Chè ba màu (đặc biệt)', N'Đậu xanh, đậu đỏ, thạch, nước cốt dừa', 80000, 1),
(464, 3, N'Bánh flan caramel (đặc biệt)', N'Flan mềm mịn, caramel đắng ngọt', 85000, 1),
(465, 3, N'Kem xôi lá dứa (đặc biệt)', N'Xôi lá dứa dẻo, kem vani, dừa bào', 90000, 1),
(466, 3, N'Chè trôi nước (đặc biệt)', N'Nhân đậu xanh, nước gừng', 80000, 1),
(467, 3, N'Bánh chuối nướng (đặc biệt)', N'Chuối nướng nước cốt dừa, vừng rang', 75000, 1),
(468, 3, N'Chè nhãn long nhãn (đặc biệt)', N'Long nhãn, hạt sen, nước đường thơm', 90000, 1),
(469, 3, N'Kem sầu riêng (đặc biệt)', N'Kem sầu riêng Ri6 nguyên chất', 95000, 1),
(470, 3, N'Bánh trôi nước (đặc biệt)', N'Bánh trôi nhân đường phèn, mè đen', 75000, 1),
(471, 4, N'Cà phê phin sữa đá (đặc biệt)', N'Robusta pha phin, sữa đặc, đá viên', 80000, 1),
(472, 4, N'Trà đào cam sả (đặc biệt)', N'Trà đào thơm, cam tươi, sả, đá bào', 90000, 1),
(473, 4, N'Nước mía tươi (đặc biệt)', N'Nước mía ép tươi, chanh, gừng', 70000, 1),
(474, 4, N'Sinh tố xoài (đặc biệt)', N'Xoài cát Hòa Lộc thơm ngọt', 85000, 1),
(475, 4, N'Nước dừa tươi (đặc biệt)', N'Dừa xiêm tươi nguyên trái', 80000, 1),
(476, 4, N'Bia Saigon lon (đặc biệt)', N'Bia Saigon lon 330ml', 75000, 1),
(477, 4, N'Rượu vang đỏ nhập khẩu (đặc biệt)', N'175ml vang đỏ nhập khẩu', 135000, 1),
(478, 4, N'Trà atiso Đà Lạt (đặc biệt)', N'Thảo dược Đà Lạt, ấm 500ml', 75000, 1),
(479, 4, N'Nước cam vắt tươi (đặc biệt)', N'Cam tươi vắt, không đường', 85000, 1),
(480, 4, N'Soda chanh muối (đặc biệt)', N'Soda chanh muối giải nhiệt', 70000, 1),
(481, 1, N'Chả giò chiên giòn (thường)', N'Chả giò nhân thịt heo và rau củ chiên vàng giòn', 95000, 1),
(482, 1, N'Gỏi cuốn tôm thịt (thường)', N'Gỏi cuốn tươi tôm, thịt heo, bún, rau sống', 90000, 1),
(483, 1, N'Bánh xèo tôm thịt (thường)', N'Bánh xèo giòn nhân tôm, giá đỗ, nước mắm chua ngọt', 105000, 1),
(484, 1, N'Nem cuốn bò lúc lắc (thường)', N'Nem cuốn tươi thịt bò lúc lắc, rau thơm', 110000, 1),
(485, 1, N'Phở cuốn Hà Nội (thường)', N'Bánh phở cuốn nhân bò, húng quế', 100000, 1),
(486, 1, N'Bánh tráng trộn (thường)', N'Bánh tráng trộn tôm khô, xoài xanh, sa tế', 85000, 1),
(487, 1, N'Gỏi ngó sen tôm (thường)', N'Gỏi ngó sen tôm luộc, thịt ba chỉ, đậu phộng', 120000, 1),
(488, 1, N'Đậu hũ chiên sả ớt (thường)', N'Đậu hũ chiên giòn xào sả ớt, cà chua bi', 95000, 1),
(489, 5, N'Phở bò tái chín (thường)', N'Phở bò truyền thống nước dùng xương 12h', 125000, 1),
(490, 5, N'Bún bò Huế (thường)', N'Bún bò cay đặc trưng, chân giò, chả cua', 130000, 1),
(491, 5, N'Canh chua cá lóc (thường)', N'Canh chua ngọt cá lóc, dứa, cà chua, giá đỗ', 115000, 0),
(492, 5, N'Súp bào ngư vi cá (thường)', N'Súp cao cấp bào ngư vi cá, trứng cút', 200000, 0),
(493, 5, N'Cháo gà hành gừng (thường)', N'Cháo gà ta mềm, hành phi, tiêu, gừng', 105000, 0),
(494, 5, N'Bún riêu cua đồng (thường)', N'Bún riêu cua đồng, cà chua, đậu hũ chiên', 120000, 0),
(495, 5, N'Lẩu thái hải sản (thường)', N'Lẩu thái chua cay tôm mực cá nấm', 230000, 0),
(496, 5, N'Lẩu bò nhúng dấm (thường)', N'Bò nhúng giấm, bún, rau sống, mắm nêm', 210000, 0),
(497, 2, N'Cơm tấm sườn bì (thường)', N'Cơm tấm sườn nướng, bì, chả trứng', 135000, 0),
(498, 2, N'Bò lúc lắc tiêu xanh (thường)', N'Bò phi lê xào lúc lắc, tiêu xanh, hành tây', 215000, 0),
(499, 2, N'Cá lăng nướng muối ớt (thường)', N'Cá lăng nướng nguyên con, muối ớt, sả', 270000, 0),
(500, 2, N'Gà nướng mật ong tỏi (thường)', N'Đùi gà nướng mật ong, tỏi phi', 170000, 0),
(501, 2, N'Mì Quảng tôm thịt (thường)', N'Mì Quảng, bánh đa giòn, tôm, thịt ba chỉ', 120000, 0),
(502, 2, N'Sườn non kho tộ (thường)', N'Sườn non kho nước dừa, trứng cút', 145000, 0),
(503, 2, N'Cá điêu hồng hấp gừng (thường)', N'Cá điêu hồng hấp, sốt gừng hành', 180000, 0),
(504, 2, N'Tôm hùm nướng phô mai (thường)', N'Nửa con tôm hùm nướng phô mai', 500000, 0),
(505, 2, N'Bò né trứng ốp la (thường)', N'Bò né xốt tiêu, trứng ốp la, pate, bánh mì', 145000, 0),
(506, 2, N'Cơm chiên Dương Châu (thường)', N'Cơm chiên hải sản tôm mực xúc xích', 130000, 0),
(507, 2, N'Vịt nướng chao (thường)', N'Vịt nướng ướp chao, sả, tỏi', 230000, 0),
(508, 2, N'Chả cá Thăng Long (thường)', N'Cá lóc chiên nghệ, mắm tôm, bún, rau thơm', 175000, 0),
(509, 2, N'Lươn um chuối đậu (thường)', N'Lươn um chuối xanh, đậu phộng, nước cốt dừa', 195000, 0),
(510, 2, N'Cua rang muối (thường)', N'Cua biển rang muối ớt tỏi giòn', 330000, 0);

-- ─────────────────────────────────────────────
-- 3. Customers (510 rows)
-- ─────────────────────────────────────────────
TRUNCATE TABLE Customers;
INSERT INTO Customers (CustomerID, CustomerName, PhoneNumber, Email, Address) VALUES
(1, N'Trịnh Đức Bình', '0742868828', 'kh0001@gmail.com', N'189 Nguyễn Huệ, Vũng Tàu'),
(2, N'Phạm Khánh Sáng', '0989254563', 'kh0002@gmail.com', N'8 Trần Phú, Long Xuyên'),
(3, N'Lê Ngọc Phương', '0590801586', 'kh0003@gmail.com', N'51 Trường Chinh, Hà Nội'),
(4, N'Đoàn Hoàng Sáng', '0339587039', 'kh0004@gmail.com', N'72 Giải Phóng, Mỹ Tho'),
(5, N'Hà Bảo An', '0866722344', 'kh0005@gmail.com', N'40 Lý Thường Kiệt, Đà Lạt'),
(6, N'Phan Trung Yến', '0922448136', 'kh0006@gmail.com', N'92 Lê Lợi, Thủ Dầu Một'),
(7, N'Mạc Hồng Duy', '0715831819', 'kh0007@gmail.com', N'32 Trường Chinh, Mỹ Tho'),
(8, N'Chu Phương Phúc', '0549349722', 'kh0008@gmail.com', N'93 Nguyễn Văn Cừ, Nam Định'),
(9, N'Cao Ngọc Em', '0998753260', 'kh0009@gmail.com', N'75 Trần Hưng Đạo, Vũng Tàu'),
(10, N'Lê Bảo Phương', '0961019678', 'kh0010@gmail.com', N'163 Đinh Tiên Hoàng, Buôn Ma Thuột'),
(11, N'Lâm Hồng Linh', '0757683626', 'kh0011@gmail.com', N'69 Hoàng Diệu, Nha Trang'),
(12, N'Đoàn Tâm Em', '0595225343', 'kh0012@gmail.com', N'187 Trường Chinh, Huế'),
(13, N'Vũ Quốc Mỹ', '0346231783', 'kh0013@gmail.com', N'176 Hai Bà Trưng, Vinh'),
(14, N'Bùi Vĩnh Dũng', '0814308421', 'kh0014@gmail.com', N'69 Nguyễn Trãi, Đà Lạt'),
(15, N'Lê Ngọc Vân', '0738538251', 'kh0015@gmail.com', N'165 Nguyễn Trãi, Bắc Giang'),
(16, N'Dương Hữu Sơn', '0843101783', 'kh0016@gmail.com', N'68 Trường Chinh, Vinh'),
(17, N'Mai Mai Khôi', '0563606628', 'kh0017@gmail.com', N'36 Hai Bà Trưng, Biên Hòa'),
(18, N'Đinh Tùng Phúc', '0924716857', 'kh0018@gmail.com', N'41 Hoàng Diệu, Cần Thơ'),
(19, N'Hà Khánh Khôi', '0518526544', 'kh0019@gmail.com', N'153 Nguyễn Trãi, Thủ Dầu Một'),
(20, N'Dương Hùng Sơn', '0511540956', 'kh0020@gmail.com', N'138 Hoàng Diệu, Hải Phòng'),
(21, N'Đào Bích Yến', '0949392920', 'kh0021@gmail.com', N'117 Nguyễn Huệ, Long Xuyên'),
(22, N'Nguyễn Nhung Sơn', '0533978249', 'kh0022@gmail.com', N'28 Nguyễn Văn Cừ, Thái Nguyên'),
(23, N'Mạc Hoàng Việt', '0591734598', 'kh0023@gmail.com', N'96 Nguyễn Huệ, Nha Trang'),
(24, N'Đào Quốc Sáng', '0510076758', 'kh0024@gmail.com', N'126 Phan Bội Châu, Nam Định'),
(25, N'Nguyễn Đức Bảo', '0742138745', 'kh0025@gmail.com', N'146 Hai Bà Trưng, Hồ Chí Minh'),
(26, N'Lê Minh Oanh', '0981498611', 'kh0026@gmail.com', N'169 Nguyễn Huệ, Cần Thơ'),
(27, N'Lý Lan Linh', '0780823176', 'kh0027@gmail.com', N'55 Nguyễn Trãi, Nam Định'),
(28, N'Chu Lan Nam', '0763551839', 'kh0028@gmail.com', N'133 Đinh Tiên Hoàng, Biên Hòa'),
(29, N'Dương Đức Quân', '0818593410', 'kh0029@gmail.com', N'151 Trần Phú, Đà Lạt'),
(30, N'Lưu Thu Yên', '0810965138', 'kh0030@gmail.com', N'162 Bạch Đằng, Đà Nẵng'),
(31, N'Trần Thu Em', '0954349361', 'kh0031@gmail.com', N'61 Trường Chinh, Đà Nẵng'),
(32, N'Võ Khánh Oanh', '0882374753', 'kh0032@gmail.com', N'147 Bạch Đằng, Cần Thơ'),
(33, N'Cao Tùng Quân', '0364634663', 'kh0033@gmail.com', N'25 Lê Lợi, Nha Trang'),
(34, N'Đinh Anh Ánh', '0365177213', 'kh0034@gmail.com', N'187 Võ Thị Sáu, Mỹ Tho'),
(35, N'Trần Khánh Giang', '0964038913', 'kh0035@gmail.com', N'28 Trần Hưng Đạo, Đà Lạt'),
(36, N'Vũ Ngọc Nam', '0570211891', 'kh0036@gmail.com', N'47 Nguyễn Trãi, Cần Thơ'),
(37, N'Võ Hải Quân', '0969476001', 'kh0037@gmail.com', N'13 Lê Lợi, Vinh'),
(38, N'Trịnh Lan An', '0941726318', 'kh0038@gmail.com', N'125 Nguyễn Trãi, Huế'),
(39, N'Lý Ngọc Đạt', '0932097220', 'kh0039@gmail.com', N'100 Trần Phú, Thủ Dầu Một'),
(40, N'Võ Tâm Mỹ', '0766775103', 'kh0040@gmail.com', N'184 Hoàng Diệu, Vinh'),
(41, N'Lý Hữu Nam', '0739219319', 'kh0041@gmail.com', N'189 Giải Phóng, Hồ Chí Minh'),
(42, N'Lưu Thị Xuân', '0916729990', 'kh0042@gmail.com', N'129 Đinh Tiên Hoàng, Thanh Hóa'),
(43, N'Chu Bảo Quỳnh', '0817634247', 'kh0043@gmail.com', N'48 Lê Lợi, Thái Nguyên'),
(44, N'Lê Linh Em', '0864193837', 'kh0044@gmail.com', N'146 Nguyễn Văn Cừ, Hải Phòng'),
(45, N'Vũ Mai Duy', '0993131979', 'kh0045@gmail.com', N'169 Nguyễn Trãi, Đà Nẵng'),
(46, N'Cao Mai Quỳnh', '0744999379', 'kh0046@gmail.com', N'184 Hoàng Diệu, Nha Trang'),
(47, N'Bùi Thu Sơn', '0327566185', 'kh0047@gmail.com', N'81 Đinh Tiên Hoàng, Quy Nhơn'),
(48, N'Chu Trung Em', '0971510041', 'kh0048@gmail.com', N'26 Giải Phóng, Nam Định'),
(49, N'Lê Lan Oanh', '0545594597', 'kh0049@gmail.com', N'90 Nguyễn Văn Cừ, Cần Thơ'),
(50, N'Thái Minh Quân', '0748250360', 'kh0050@gmail.com', N'140 Đinh Tiên Hoàng, Huế'),
(51, N'Đoàn Thanh Kiên', '0511049999', 'kh0051@gmail.com', N'170 Lý Thường Kiệt, Vinh'),
(52, N'Phạm Kim Hiếu', '0725492573', 'kh0052@gmail.com', N'142 Bạch Đằng, Hải Phòng'),
(53, N'Hoàng Bích Uyên', '0538270233', 'kh0053@gmail.com', N'176 Hai Bà Trưng, Đà Lạt'),
(54, N'Trịnh Bảo Sơn', '0575569635', 'kh0054@gmail.com', N'14 Nguyễn Văn Cừ, Buôn Ma Thuột'),
(55, N'Lê Hoàng Khôi', '0715917225', 'kh0055@gmail.com', N'198 Phan Bội Châu, Hà Nội'),
(56, N'Hoàng Hoàng Sơn', '0869302158', 'kh0056@gmail.com', N'110 Bạch Đằng, Vinh'),
(57, N'Lưu Văn Hà', '0930005727', 'kh0057@gmail.com', N'95 Trần Phú, Vinh'),
(58, N'Cao Lan Khoa', '0327105448', 'kh0058@gmail.com', N'94 Lý Thường Kiệt, Hồ Chí Minh'),
(59, N'Thái Tâm Cường', '0738195995', 'kh0059@gmail.com', N'27 Hoàng Diệu, Vũng Tàu'),
(60, N'Đỗ Trung Thắng', '0393303777', 'kh0060@gmail.com', N'61 Nguyễn Văn Cừ, Cần Thơ'),
(61, N'Mạc Quốc Minh', '0313326769', 'kh0061@gmail.com', N'86 Bạch Đằng, Huế'),
(62, N'Hà Tâm Hậu', '0845810056', 'kh0062@gmail.com', N'180 Trần Hưng Đạo, Huế'),
(63, N'Phạm Phương Cường', '0339854548', 'kh0063@gmail.com', N'118 Võ Thị Sáu, Nha Trang'),
(64, N'Đỗ Thanh Phương', '0813176186', 'kh0064@gmail.com', N'85 Nguyễn Trãi, Nha Trang'),
(65, N'Võ Bảo Em', '0757130035', 'kh0065@gmail.com', N'174 Nguyễn Trãi, Thái Nguyên'),
(66, N'Lâm Lan Yến', '0925480907', 'kh0066@gmail.com', N'149 Nguyễn Huệ, Buôn Ma Thuột'),
(67, N'Võ Thị Giang', '0568326160', 'kh0067@gmail.com', N'81 Bạch Đằng, Biên Hòa'),
(68, N'Ngô Linh Phú', '0961700055', 'kh0068@gmail.com', N'66 Hai Bà Trưng, Thanh Hóa'),
(69, N'Trần Thảo Khôi', '0979782527', 'kh0069@gmail.com', N'185 Hoàng Diệu, Vinh'),
(70, N'Mai Nhung Nam', '0767887757', 'kh0070@gmail.com', N'85 Hoàng Diệu, Đà Nẵng'),
(71, N'Tô Xuân Hà', '0778064830', 'kh0071@gmail.com', N'105 Hoàng Diệu, Quy Nhơn'),
(72, N'Bùi Phương Uyên', '0527084279', 'kh0072@gmail.com', N'171 Nguyễn Trãi, Nha Trang'),
(73, N'Hồ Khánh Minh', '0586384014', 'kh0073@gmail.com', N'141 Nguyễn Trãi, Quy Nhơn'),
(74, N'Lâm Văn Việt', '0738210242', 'kh0074@gmail.com', N'149 Trần Hưng Đạo, Long Xuyên'),
(75, N'Tô Hoàng Xuân', '0369295515', 'kh0075@gmail.com', N'55 Hoàng Diệu, Mỹ Tho'),
(76, N'Đinh Tùng Linh', '0948089166', 'kh0076@gmail.com', N'163 Hoàng Diệu, Thái Nguyên'),
(77, N'Tô Xuân Phúc', '0851663795', 'kh0077@gmail.com', N'51 Trần Hưng Đạo, Vũng Tàu'),
(78, N'Hoàng Văn Cường', '0873771720', 'kh0078@gmail.com', N'197 Võ Thị Sáu, Nam Định'),
(79, N'Lê Hải Hậu', '0536096655', 'kh0079@gmail.com', N'103 Đinh Tiên Hoàng, Thủ Dầu Một'),
(80, N'Vũ Hữu An', '0967062156', 'kh0080@gmail.com', N'179 Nguyễn Huệ, Vũng Tàu'),
(81, N'Đinh Hải Dũng', '0543446826', 'kh0081@gmail.com', N'35 Đinh Tiên Hoàng, Hải Phòng'),
(82, N'Hà Hải Quỳnh', '0589920257', 'kh0082@gmail.com', N'114 Trần Hưng Đạo, Đà Lạt'),
(83, N'Tô Vĩnh Phú', '0383534128', 'kh0083@gmail.com', N'41 Nguyễn Văn Cừ, Mỹ Tho'),
(84, N'Mai Bảo Ngân', '0344788100', 'kh0084@gmail.com', N'164 Võ Thị Sáu, Vũng Tàu'),
(85, N'Võ Trung Quỳnh', '0394120751', 'kh0085@gmail.com', N'113 Lý Thường Kiệt, Vũng Tàu'),
(86, N'Lê Thảo Uyên', '0846468984', 'kh0086@gmail.com', N'139 Phan Bội Châu, Đà Lạt'),
(87, N'Lê Hữu Khoa', '0861410126', 'kh0087@gmail.com', N'55 Bạch Đằng, Cần Thơ'),
(88, N'Lê Anh Hậu', '0782828034', 'kh0088@gmail.com', N'16 Nguyễn Trãi, Mỹ Tho'),
(89, N'Phan Vĩnh Hậu', '0388393811', 'kh0089@gmail.com', N'196 Võ Thị Sáu, Hà Nội'),
(90, N'Cao Phương Ngân', '0957212267', 'kh0090@gmail.com', N'100 Trần Hưng Đạo, Quy Nhơn'),
(91, N'Mạc Kim Hậu', '0583300637', 'kh0091@gmail.com', N'57 Nguyễn Văn Cừ, Nam Định'),
(92, N'Lý Thu Tâm', '0375181765', 'kh0092@gmail.com', N'87 Nguyễn Trãi, Hà Nội'),
(93, N'Đinh Khánh Đạt', '0872732043', 'kh0093@gmail.com', N'137 Giải Phóng, Cần Thơ'),
(94, N'Nguyễn Tâm Đạt', '0585751409', 'kh0094@gmail.com', N'165 Lê Lợi, Hà Nội'),
(95, N'Ngô Hữu Mỹ', '0816749089', 'kh0095@gmail.com', N'84 Nguyễn Trãi, Buôn Ma Thuột'),
(96, N'Phan Hải Xuân', '0760885459', 'kh0096@gmail.com', N'108 Trần Hưng Đạo, Buôn Ma Thuột'),
(97, N'Võ Vĩnh Phúc', '0312601580', 'kh0097@gmail.com', N'90 Trần Phú, Vinh'),
(98, N'Vũ Hoàng Em', '0914164775', 'kh0098@gmail.com', N'6 Hai Bà Trưng, Vũng Tàu'),
(99, N'Tô Hữu Quân', '0873560289', 'kh0099@gmail.com', N'56 Giải Phóng, Hải Phòng'),
(100, N'Dương Thảo Sơn', '0732520277', 'kh0100@gmail.com', N'192 Giải Phóng, Nam Định'),
(101, N'Đoàn Đức Linh', '0724508768', 'kh0101@gmail.com', N'80 Trần Phú, Thanh Hóa'),
(102, N'Cao Khánh Chi', '0336619372', 'kh0102@gmail.com', N'177 Giải Phóng, Đà Nẵng'),
(103, N'Lâm Hoàng Quân', '0950477742', 'kh0103@gmail.com', N'31 Trần Hưng Đạo, Nam Định'),
(104, N'Hà Mai Cường', '0781503856', 'kh0104@gmail.com', N'95 Hoàng Diệu, Long Xuyên'),
(105, N'Lê Hùng Yến', '0966379329', 'kh0105@gmail.com', N'111 Lê Lợi, Bắc Giang'),
(106, N'Đỗ Hoàng Mỹ', '0868450095', 'kh0106@gmail.com', N'134 Bạch Đằng, Huế'),
(107, N'Trịnh Bích Kiên', '0574893936', 'kh0107@gmail.com', N'188 Nguyễn Trãi, Mỹ Tho'),
(108, N'Cao Bích Xuân', '0821631697', 'kh0108@gmail.com', N'116 Nguyễn Văn Cừ, Buôn Ma Thuột'),
(109, N'Vũ Trung Mỹ', '0591917334', 'kh0109@gmail.com', N'8 Phan Bội Châu, Thủ Dầu Một'),
(110, N'Lý Bảo Xuân', '0875437844', 'kh0110@gmail.com', N'67 Phan Bội Châu, Nha Trang'),
(111, N'Bùi Bích Duy', '0784597009', 'kh0111@gmail.com', N'49 Trường Chinh, Hà Nội'),
(112, N'Lê Thu Hậu', '0384514489', 'kh0112@gmail.com', N'122 Bạch Đằng, Vũng Tàu'),
(113, N'Trịnh Thảo Oanh', '0312314351', 'kh0113@gmail.com', N'57 Lý Thường Kiệt, Đà Nẵng'),
(114, N'Hồ Thảo Quân', '0799115205', 'kh0114@gmail.com', N'122 Phan Bội Châu, Thanh Hóa'),
(115, N'Lưu Hùng Ánh', '0383871890', 'kh0115@gmail.com', N'180 Phan Bội Châu, Đà Lạt'),
(116, N'Dương Bích Việt', '0740942292', 'kh0116@gmail.com', N'50 Bạch Đằng, Hải Phòng'),
(117, N'Bùi Đức Sáng', '0835708194', 'kh0117@gmail.com', N'124 Bạch Đằng, Nha Trang'),
(118, N'Võ Nhung Yên', '0590099897', 'kh0118@gmail.com', N'50 Lê Lợi, Quy Nhơn'),
(119, N'Đặng Thu Bảo', '0850569669', 'kh0119@gmail.com', N'137 Bạch Đằng, Hà Nội'),
(120, N'Hoàng Bích Cường', '0984270583', 'kh0120@gmail.com', N'33 Bạch Đằng, Quy Nhơn'),
(121, N'Trịnh Bảo Oanh', '0911646234', 'kh0121@gmail.com', N'121 Lý Thường Kiệt, Thanh Hóa'),
(122, N'Lý Hải Yến', '0816895666', 'kh0122@gmail.com', N'123 Võ Thị Sáu, Buôn Ma Thuột'),
(123, N'Phạm Vĩnh Em', '0376001106', 'kh0123@gmail.com', N'162 Giải Phóng, Đà Nẵng'),
(124, N'Đinh Thị Khoa', '0885543051', 'kh0124@gmail.com', N'64 Lê Lợi, Quy Nhơn'),
(125, N'Phạm Lan Hậu', '0590010790', 'kh0125@gmail.com', N'199 Hai Bà Trưng, Nam Định'),
(126, N'Đinh Phương Lân', '0349910061', 'kh0126@gmail.com', N'79 Nguyễn Trãi, Thanh Hóa'),
(127, N'Cao Linh Dũng', '0523318904', 'kh0127@gmail.com', N'55 Hoàng Diệu, Nha Trang'),
(128, N'Võ Khánh Phúc', '0842194159', 'kh0128@gmail.com', N'20 Trường Chinh, Huế'),
(129, N'Huỳnh Văn Hậu', '0389699989', 'kh0129@gmail.com', N'9 Lý Thường Kiệt, Bắc Giang'),
(130, N'Vũ Thanh Uyên', '0319553585', 'kh0130@gmail.com', N'68 Nguyễn Văn Cừ, Vũng Tàu'),
(131, N'Hà Long Yên', '0867061186', 'kh0131@gmail.com', N'58 Trường Chinh, Hải Phòng'),
(132, N'Trịnh Hữu Tâm', '0819584466', 'kh0132@gmail.com', N'79 Nguyễn Huệ, Hồ Chí Minh'),
(133, N'Tô Nhung Vân', '0768942178', 'kh0133@gmail.com', N'177 Đinh Tiên Hoàng, Hải Phòng'),
(134, N'Đặng Thảo Đạt', '0777172238', 'kh0134@gmail.com', N'113 Đinh Tiên Hoàng, Vinh'),
(135, N'Lê Linh Cường', '0353261270', 'kh0135@gmail.com', N'7 Lý Thường Kiệt, Nam Định'),
(136, N'Lê Thu Vân', '0512784407', 'kh0136@gmail.com', N'11 Giải Phóng, Buôn Ma Thuột'),
(137, N'Đào Trung Minh', '0379654147', 'kh0137@gmail.com', N'72 Nguyễn Văn Cừ, Mỹ Tho'),
(138, N'Huỳnh Mai Khôi', '0322246348', 'kh0138@gmail.com', N'105 Phan Bội Châu, Bắc Giang'),
(139, N'Bùi Xuân Giang', '0854265498', 'kh0139@gmail.com', N'127 Bạch Đằng, Long Xuyên'),
(140, N'Đặng Khánh Đạt', '0514925405', 'kh0140@gmail.com', N'81 Lê Lợi, Mỹ Tho'),
(141, N'Võ Xuân Hà', '0379067939', 'kh0141@gmail.com', N'139 Hoàng Diệu, Hà Nội'),
(142, N'Dương Anh Dũng', '0879583757', 'kh0142@gmail.com', N'194 Giải Phóng, Biên Hòa'),
(143, N'Lý Hoàng Lân', '0937321124', 'kh0143@gmail.com', N'34 Trường Chinh, Buôn Ma Thuột'),
(144, N'Chu Thanh Lân', '0326297533', 'kh0144@gmail.com', N'156 Hoàng Diệu, Hà Nội'),
(145, N'Hà Thu Linh', '0783932360', 'kh0145@gmail.com', N'105 Trường Chinh, Hà Nội'),
(146, N'Lê Thu Hà', '0325766039', 'kh0146@gmail.com', N'184 Đinh Tiên Hoàng, Cần Thơ'),
(147, N'Đặng Hùng Tâm', '0374759996', 'kh0147@gmail.com', N'117 Hai Bà Trưng, Bắc Giang'),
(148, N'Lưu Hữu Chi', '0890447099', 'kh0148@gmail.com', N'35 Bạch Đằng, Thái Nguyên'),
(149, N'Mạc Minh Tâm', '0355617282', 'kh0149@gmail.com', N'1 Lý Thường Kiệt, Thái Nguyên'),
(150, N'Đặng Nhung Việt', '0587835998', 'kh0150@gmail.com', N'39 Võ Thị Sáu, Bắc Giang'),
(151, N'Dương Lan Ngân', '0754619335', 'kh0151@gmail.com', N'140 Trần Hưng Đạo, Vinh'),
(152, N'Hồ Hải Xuân', '0842051937', 'kh0152@gmail.com', N'60 Nguyễn Trãi, Thanh Hóa'),
(153, N'Mạc Trung Hậu', '0952704903', 'kh0153@gmail.com', N'98 Bạch Đằng, Bắc Giang'),
(154, N'Hồ Khánh Khoa', '0314968688', 'kh0154@gmail.com', N'152 Trường Chinh, Cần Thơ'),
(155, N'Bùi Bảo Giang', '0323383077', 'kh0155@gmail.com', N'117 Nguyễn Văn Cừ, Thái Nguyên'),
(156, N'Nguyễn Nhung Khoa', '0397883261', 'kh0156@gmail.com', N'121 Lê Lợi, Cần Thơ'),
(157, N'Hà Bích Yến', '0563349308', 'kh0157@gmail.com', N'85 Võ Thị Sáu, Đà Nẵng'),
(158, N'Mạc Khánh Sáng', '0352501540', 'kh0158@gmail.com', N'139 Võ Thị Sáu, Bắc Giang'),
(159, N'Trần Linh Em', '0894712997', 'kh0159@gmail.com', N'192 Hai Bà Trưng, Quy Nhơn'),
(160, N'Lê Anh Giang', '0969549527', 'kh0160@gmail.com', N'77 Bạch Đằng, Huế'),
(161, N'Thái Văn Cường', '0717532195', 'kh0161@gmail.com', N'96 Phan Bội Châu, Quy Nhơn'),
(162, N'Ngô Hữu Quân', '0565304649', 'kh0162@gmail.com', N'47 Hoàng Diệu, Thanh Hóa'),
(163, N'Huỳnh Quốc Phúc', '0561344226', 'kh0163@gmail.com', N'62 Hoàng Diệu, Nam Định'),
(164, N'Lý Tâm Yên', '0841163805', 'kh0164@gmail.com', N'66 Hoàng Diệu, Mỹ Tho'),
(165, N'Dương Bích An', '0348605268', 'kh0165@gmail.com', N'19 Nguyễn Huệ, Vinh'),
(166, N'Dương Hồng Yên', '0795756900', 'kh0166@gmail.com', N'65 Bạch Đằng, Long Xuyên'),
(167, N'Dương Bảo Việt', '0861632653', 'kh0167@gmail.com', N'61 Lê Lợi, Bắc Giang'),
(168, N'Hồ Mai Ánh', '0549711319', 'kh0168@gmail.com', N'169 Trần Phú, Quy Nhơn'),
(169, N'Hồ Bích An', '0516582607', 'kh0169@gmail.com', N'128 Bạch Đằng, Nam Định'),
(170, N'Lâm Kim Uyên', '0891478884', 'kh0170@gmail.com', N'163 Hai Bà Trưng, Biên Hòa'),
(171, N'Phan Linh Sơn', '0894322033', 'kh0171@gmail.com', N'161 Nguyễn Văn Cừ, Hải Phòng'),
(172, N'Trịnh Thị Việt', '0314478111', 'kh0172@gmail.com', N'188 Phan Bội Châu, Thanh Hóa'),
(173, N'Hoàng Minh Uyên', '0765767881', 'kh0173@gmail.com', N'34 Hai Bà Trưng, Huế'),
(174, N'Hà Lan Bảo', '0577349752', 'kh0174@gmail.com', N'43 Võ Thị Sáu, Buôn Ma Thuột'),
(175, N'Võ Tâm Ngân', '0755461591', 'kh0175@gmail.com', N'20 Đinh Tiên Hoàng, Hải Phòng'),
(176, N'Hoàng Trung Phương', '0384801233', 'kh0176@gmail.com', N'102 Lê Lợi, Biên Hòa'),
(177, N'Nguyễn Bích Sáng', '0971040347', 'kh0177@gmail.com', N'192 Hoàng Diệu, Biên Hòa'),
(178, N'Đinh Bích Yên', '0395704631', 'kh0178@gmail.com', N'173 Lê Lợi, Biên Hòa'),
(179, N'Vũ Tùng Bình', '0585350823', 'kh0179@gmail.com', N'157 Nguyễn Văn Cừ, Đà Lạt'),
(180, N'Vũ Hoàng Em', '0350559278', 'kh0180@gmail.com', N'36 Lê Lợi, Long Xuyên'),
(181, N'Trần Thị Việt', '0325585427', 'kh0181@gmail.com', N'138 Hai Bà Trưng, Hải Phòng'),
(182, N'Hoàng Phương Mỹ', '0799991136', 'kh0182@gmail.com', N'151 Nguyễn Trãi, Vinh'),
(183, N'Mai Nhung Khoa', '0397902129', 'kh0183@gmail.com', N'126 Võ Thị Sáu, Hải Phòng'),
(184, N'Tô Anh Tâm', '0959731689', 'kh0184@gmail.com', N'114 Đinh Tiên Hoàng, Nha Trang'),
(185, N'Vũ Bảo Bảo', '0959302863', 'kh0185@gmail.com', N'166 Nguyễn Văn Cừ, Vinh'),
(186, N'Đỗ Thị Đạt', '0735475673', 'kh0186@gmail.com', N'117 Võ Thị Sáu, Hải Phòng'),
(187, N'Lê Khánh Oanh', '0512866549', 'kh0187@gmail.com', N'86 Trần Hưng Đạo, Hồ Chí Minh'),
(188, N'Vũ Hữu Vân', '0819208698', 'kh0188@gmail.com', N'151 Hai Bà Trưng, Vinh'),
(189, N'Phan Vĩnh Phương', '0729804386', 'kh0189@gmail.com', N'71 Trần Phú, Nam Định'),
(190, N'Mạc Hữu Hiếu', '0543642236', 'kh0190@gmail.com', N'170 Lê Lợi, Huế'),
(191, N'Mạc Văn Hiếu', '0958082464', 'kh0191@gmail.com', N'83 Giải Phóng, Vũng Tàu'),
(192, N'Nguyễn Quốc Sơn', '0927013243', 'kh0192@gmail.com', N'30 Trường Chinh, Long Xuyên'),
(193, N'Mai Minh Ngân', '0358592048', 'kh0193@gmail.com', N'28 Giải Phóng, Thái Nguyên'),
(194, N'Dương Hùng Phương', '0515820356', 'kh0194@gmail.com', N'118 Lý Thường Kiệt, Thái Nguyên'),
(195, N'Trịnh Văn Dũng', '0363904155', 'kh0195@gmail.com', N'28 Hoàng Diệu, Long Xuyên'),
(196, N'Lý Thảo Lân', '0920843514', 'kh0196@gmail.com', N'38 Giải Phóng, Đà Lạt'),
(197, N'Lê Hữu Tâm', '0594970119', 'kh0197@gmail.com', N'183 Trường Chinh, Thanh Hóa'),
(198, N'Bùi Phương Duy', '0549580505', 'kh0198@gmail.com', N'155 Trường Chinh, Mỹ Tho'),
(199, N'Ngô Đức Hà', '0538859907', 'kh0199@gmail.com', N'59 Đinh Tiên Hoàng, Long Xuyên'),
(200, N'Ngô Xuân Mỹ', '0365833185', 'kh0200@gmail.com', N'110 Phan Bội Châu, Hải Phòng'),
(201, N'Bùi Khánh Sơn', '0730486849', 'kh0201@gmail.com', N'24 Lê Lợi, Bắc Giang'),
(202, N'Lâm Minh Phúc', '0322960658', 'kh0202@gmail.com', N'34 Trần Hưng Đạo, Biên Hòa'),
(203, N'Lưu Thị Yên', '0585387867', 'kh0203@gmail.com', N'32 Hoàng Diệu, Đà Lạt'),
(204, N'Ngô Hồng Khôi', '0948604965', 'kh0204@gmail.com', N'91 Lý Thường Kiệt, Nam Định'),
(205, N'Phạm Mai Phú', '0830767532', 'kh0205@gmail.com', N'28 Hai Bà Trưng, Bắc Giang'),
(206, N'Đỗ Bảo Thắng', '0725419645', 'kh0206@gmail.com', N'58 Giải Phóng, Buôn Ma Thuột'),
(207, N'Hà Anh Thắng', '0592352411', 'kh0207@gmail.com', N'156 Trần Phú, Vinh'),
(208, N'Chu Khánh Tâm', '0934215035', 'kh0208@gmail.com', N'196 Bạch Đằng, Buôn Ma Thuột'),
(209, N'Đặng Tâm Yến', '0710819505', 'kh0209@gmail.com', N'37 Võ Thị Sáu, Huế'),
(210, N'Cao Khánh Đạt', '0929042093', 'kh0210@gmail.com', N'192 Lê Lợi, Hà Nội'),
(211, N'Đinh Ngọc Chi', '0370887307', 'kh0211@gmail.com', N'95 Nguyễn Huệ, Đà Lạt'),
(212, N'Đặng Nhung Xuân', '0590023800', 'kh0212@gmail.com', N'14 Nguyễn Văn Cừ, Đà Nẵng'),
(213, N'Hoàng Quốc Kiên', '0920949687', 'kh0213@gmail.com', N'170 Đinh Tiên Hoàng, Buôn Ma Thuột'),
(214, N'Ngô Tùng Duy', '0365590800', 'kh0214@gmail.com', N'194 Hai Bà Trưng, Buôn Ma Thuột'),
(215, N'Đinh Đức Ánh', '0324883373', 'kh0215@gmail.com', N'174 Hoàng Diệu, Quy Nhơn'),
(216, N'Cao Tùng Quỳnh', '0716095815', 'kh0216@gmail.com', N'154 Nguyễn Trãi, Vũng Tàu'),
(217, N'Trần Văn Oanh', '0738351344', 'kh0217@gmail.com', N'66 Trần Hưng Đạo, Cần Thơ'),
(218, N'Đặng Xuân Hà', '0976757928', 'kh0218@gmail.com', N'34 Nguyễn Huệ, Long Xuyên'),
(219, N'Hồ Lan Phương', '0584990607', 'kh0219@gmail.com', N'102 Lê Lợi, Biên Hòa'),
(220, N'Mạc Nhung Cường', '0312515446', 'kh0220@gmail.com', N'20 Nguyễn Văn Cừ, Mỹ Tho'),
(221, N'Mạc Xuân Vân', '0386960402', 'kh0221@gmail.com', N'164 Bạch Đằng, Thủ Dầu Một'),
(222, N'Ngô Thanh Hà', '0312799319', 'kh0222@gmail.com', N'159 Nguyễn Huệ, Đà Lạt'),
(223, N'Dương Vĩnh Bảo', '0968614462', 'kh0223@gmail.com', N'112 Hai Bà Trưng, Hải Phòng'),
(224, N'Cao Phương Quỳnh', '0963118906', 'kh0224@gmail.com', N'87 Bạch Đằng, Quy Nhơn'),
(225, N'Vũ Xuân Linh', '0978515906', 'kh0225@gmail.com', N'131 Trường Chinh, Hải Phòng'),
(226, N'Phan Kim Ánh', '0796629889', 'kh0226@gmail.com', N'27 Hai Bà Trưng, Cần Thơ'),
(227, N'Hoàng Bích Nam', '0890852623', 'kh0227@gmail.com', N'195 Trần Hưng Đạo, Cần Thơ'),
(228, N'Trịnh Minh Minh', '0372270726', 'kh0228@gmail.com', N'149 Trần Hưng Đạo, Thanh Hóa'),
(229, N'Dương Khánh Vân', '0553380275', 'kh0229@gmail.com', N'113 Nguyễn Huệ, Đà Lạt'),
(230, N'Lê Tùng Lân', '0746866075', 'kh0230@gmail.com', N'91 Trần Phú, Thanh Hóa'),
(231, N'Đinh Minh Việt', '0370654852', 'kh0231@gmail.com', N'95 Trần Phú, Hồ Chí Minh'),
(232, N'Lâm Thanh Em', '0992545028', 'kh0232@gmail.com', N'99 Trường Chinh, Nam Định'),
(233, N'Dương Mai Thắng', '0970362235', 'kh0233@gmail.com', N'49 Hoàng Diệu, Thanh Hóa'),
(234, N'Bùi Linh Ngân', '0530248230', 'kh0234@gmail.com', N'27 Đinh Tiên Hoàng, Hồ Chí Minh'),
(235, N'Hà Kim Yến', '0977719420', 'kh0235@gmail.com', N'64 Trần Phú, Huế'),
(236, N'Đoàn Hải Lân', '0580162053', 'kh0236@gmail.com', N'94 Nguyễn Huệ, Nam Định'),
(237, N'Đỗ Tâm Uyên', '0364864099', 'kh0237@gmail.com', N'154 Hoàng Diệu, Đà Lạt'),
(238, N'Trần Long Yến', '0954250344', 'kh0238@gmail.com', N'174 Trường Chinh, Hải Phòng'),
(239, N'Hồ Thanh Sơn', '0530182766', 'kh0239@gmail.com', N'150 Lê Lợi, Đà Lạt'),
(240, N'Đinh Hữu Ánh', '0798054173', 'kh0240@gmail.com', N'153 Nguyễn Huệ, Thủ Dầu Một'),
(241, N'Đoàn Minh Việt', '0560557040', 'kh0241@gmail.com', N'33 Võ Thị Sáu, Đà Lạt'),
(242, N'Đinh Thảo Quỳnh', '0996707983', 'kh0242@gmail.com', N'93 Trường Chinh, Long Xuyên'),
(243, N'Nguyễn Hồng Việt', '0838748452', 'kh0243@gmail.com', N'125 Trần Hưng Đạo, Đà Lạt'),
(244, N'Phan Thu Hiếu', '0820356922', 'kh0244@gmail.com', N'26 Võ Thị Sáu, Quy Nhơn'),
(245, N'Đinh Trung Sáng', '0515066382', 'kh0245@gmail.com', N'197 Nguyễn Văn Cừ, Đà Lạt'),
(246, N'Tô Hữu Duy', '0330703455', 'kh0246@gmail.com', N'178 Nguyễn Huệ, Huế'),
(247, N'Đào Linh Linh', '0315864298', 'kh0247@gmail.com', N'174 Phan Bội Châu, Long Xuyên'),
(248, N'Mai Thu Lân', '0548242379', 'kh0248@gmail.com', N'137 Hai Bà Trưng, Mỹ Tho'),
(249, N'Vũ Thanh Ngân', '0859370777', 'kh0249@gmail.com', N'119 Đinh Tiên Hoàng, Thanh Hóa'),
(250, N'Đào Thanh Chi', '0580794454', 'kh0250@gmail.com', N'52 Nguyễn Huệ, Long Xuyên'),
(251, N'Hà Linh Hiếu', '0717003454', 'kh0251@gmail.com', N'96 Võ Thị Sáu, Bắc Giang'),
(252, N'Lưu Tâm Giang', '0526733967', 'kh0252@gmail.com', N'196 Lê Lợi, Quy Nhơn'),
(253, N'Huỳnh Bích Lân', '0529776801', 'kh0253@gmail.com', N'57 Lê Lợi, Long Xuyên'),
(254, N'Lâm Hải Ánh', '0965686520', 'kh0254@gmail.com', N'129 Nguyễn Trãi, Hồ Chí Minh'),
(255, N'Đỗ Thu Chi', '0960319927', 'kh0255@gmail.com', N'82 Trần Phú, Vũng Tàu'),
(256, N'Chu Đức Yến', '0828468304', 'kh0256@gmail.com', N'121 Lý Thường Kiệt, Hồ Chí Minh'),
(257, N'Đoàn Vĩnh Hiếu', '0370210270', 'kh0257@gmail.com', N'21 Trần Phú, Nam Định'),
(258, N'Nguyễn Bích Oanh', '0883659258', 'kh0258@gmail.com', N'109 Trường Chinh, Nam Định'),
(259, N'Phạm Trung Uyên', '0850419829', 'kh0259@gmail.com', N'62 Trần Phú, Hải Phòng'),
(260, N'Ngô Hoàng Kiên', '0318429833', 'kh0260@gmail.com', N'128 Võ Thị Sáu, Hải Phòng'),
(261, N'Tô Lan Bình', '0587181563', 'kh0261@gmail.com', N'37 Bạch Đằng, Vũng Tàu'),
(262, N'Đặng Anh An', '0557354167', 'kh0262@gmail.com', N'107 Giải Phóng, Vũng Tàu'),
(263, N'Huỳnh Khánh Phúc', '0558399417', 'kh0263@gmail.com', N'140 Trường Chinh, Đà Nẵng'),
(264, N'Đinh Long Phú', '0512729224', 'kh0264@gmail.com', N'121 Võ Thị Sáu, Thủ Dầu Một'),
(265, N'Trần Hoàng Chi', '0744044361', 'kh0265@gmail.com', N'18 Phan Bội Châu, Hà Nội'),
(266, N'Đỗ Thu Giang', '0554629892', 'kh0266@gmail.com', N'91 Trần Phú, Cần Thơ'),
(267, N'Lưu Xuân Minh', '0374227366', 'kh0267@gmail.com', N'35 Trần Hưng Đạo, Huế'),
(268, N'Lê Thảo Mỹ', '0949385195', 'kh0268@gmail.com', N'52 Trần Phú, Nha Trang'),
(269, N'Thái Thị Xuân', '0779173614', 'kh0269@gmail.com', N'140 Võ Thị Sáu, Thủ Dầu Một'),
(270, N'Lý Bích Cường', '0848401154', 'kh0270@gmail.com', N'200 Võ Thị Sáu, Biên Hòa'),
(271, N'Trần Bảo Yến', '0726706752', 'kh0271@gmail.com', N'103 Nguyễn Trãi, Biên Hòa'),
(272, N'Mai Hải Chi', '0735074182', 'kh0272@gmail.com', N'128 Bạch Đằng, Bắc Giang'),
(273, N'Đỗ Tâm Quỳnh', '0721087928', 'kh0273@gmail.com', N'111 Lê Lợi, Long Xuyên'),
(274, N'Tô Vĩnh Minh', '0549428661', 'kh0274@gmail.com', N'21 Lê Lợi, Đà Lạt'),
(275, N'Bùi Khánh Uyên', '0769849800', 'kh0275@gmail.com', N'110 Bạch Đằng, Nam Định'),
(276, N'Huỳnh Thảo Lân', '0770012727', 'kh0276@gmail.com', N'91 Bạch Đằng, Hồ Chí Minh'),
(277, N'Tô Anh Tâm', '0920071854', 'kh0277@gmail.com', N'132 Phan Bội Châu, Thủ Dầu Một'),
(278, N'Hà Nhung Linh', '0929163535', 'kh0278@gmail.com', N'113 Hoàng Diệu, Nam Định'),
(279, N'Trần Hữu Em', '0896592295', 'kh0279@gmail.com', N'99 Phan Bội Châu, Biên Hòa'),
(280, N'Cao Thị Duy', '0870387584', 'kh0280@gmail.com', N'114 Phan Bội Châu, Biên Hòa'),
(281, N'Đào Minh Vân', '0881062902', 'kh0281@gmail.com', N'81 Nguyễn Trãi, Biên Hòa'),
(282, N'Trịnh Bích Quân', '0913478029', 'kh0282@gmail.com', N'133 Đinh Tiên Hoàng, Huế'),
(283, N'Hồ Tâm Thắng', '0945135070', 'kh0283@gmail.com', N'115 Bạch Đằng, Buôn Ma Thuột'),
(284, N'Phan Linh Uyên', '0336867482', 'kh0284@gmail.com', N'19 Nguyễn Huệ, Hải Phòng'),
(285, N'Dương Quốc Lân', '0952894344', 'kh0285@gmail.com', N'17 Bạch Đằng, Biên Hòa'),
(286, N'Lưu Lan Uyên', '0731139996', 'kh0286@gmail.com', N'93 Trần Hưng Đạo, Huế'),
(287, N'Đinh Thu Hà', '0828639738', 'kh0287@gmail.com', N'127 Trần Hưng Đạo, Vũng Tàu'),
(288, N'Nguyễn Hồng Thắng', '0559514418', 'kh0288@gmail.com', N'142 Trần Hưng Đạo, Mỹ Tho'),
(289, N'Hoàng Linh Phúc', '0951512297', 'kh0289@gmail.com', N'185 Bạch Đằng, Thủ Dầu Một'),
(290, N'Lý Hùng Hậu', '0387161840', 'kh0290@gmail.com', N'82 Nguyễn Huệ, Đà Nẵng'),
(291, N'Trịnh Minh Lân', '0379438885', 'kh0291@gmail.com', N'200 Nguyễn Huệ, Biên Hòa'),
(292, N'Lưu Hoàng Yên', '0827318510', 'kh0292@gmail.com', N'15 Trường Chinh, Long Xuyên'),
(293, N'Lâm Đức Quỳnh', '0850818905', 'kh0293@gmail.com', N'83 Nguyễn Huệ, Huế'),
(294, N'Chu Thảo Phương', '0779645282', 'kh0294@gmail.com', N'21 Võ Thị Sáu, Quy Nhơn'),
(295, N'Võ Ngọc Thắng', '0726800072', 'kh0295@gmail.com', N'137 Giải Phóng, Quy Nhơn'),
(296, N'Lê Hùng Linh', '0587933054', 'kh0296@gmail.com', N'169 Nguyễn Huệ, Cần Thơ'),
(297, N'Tô Nhung Duy', '0785647532', 'kh0297@gmail.com', N'8 Võ Thị Sáu, Hồ Chí Minh'),
(298, N'Lê Thị Vân', '0797393186', 'kh0298@gmail.com', N'147 Trần Hưng Đạo, Nha Trang'),
(299, N'Ngô Linh Bình', '0394176528', 'kh0299@gmail.com', N'165 Lý Thường Kiệt, Vinh'),
(300, N'Đặng Tùng Quân', '0349920898', 'kh0300@gmail.com', N'177 Lê Lợi, Mỹ Tho'),
(301, N'Trần Quốc Lân', '0374995086', 'kh0301@gmail.com', N'88 Hai Bà Trưng, Mỹ Tho'),
(302, N'Tô Hữu Xuân', '0756354851', 'kh0302@gmail.com', N'195 Nguyễn Huệ, Thủ Dầu Một'),
(303, N'Đỗ Hùng Thắng', '0952831009', 'kh0303@gmail.com', N'32 Đinh Tiên Hoàng, Vũng Tàu'),
(304, N'Võ Hải Quân', '0822993840', 'kh0304@gmail.com', N'99 Lý Thường Kiệt, Hồ Chí Minh'),
(305, N'Mạc Linh Hậu', '0831434525', 'kh0305@gmail.com', N'148 Nguyễn Văn Cừ, Đà Lạt'),
(306, N'Mai Xuân Nam', '0876876068', 'kh0306@gmail.com', N'128 Đinh Tiên Hoàng, Thái Nguyên'),
(307, N'Thái Thanh Oanh', '0922086184', 'kh0307@gmail.com', N'118 Trường Chinh, Thủ Dầu Một'),
(308, N'Vũ Ngọc Yên', '0716530784', 'kh0308@gmail.com', N'127 Lý Thường Kiệt, Hồ Chí Minh'),
(309, N'Tô Kim Ngân', '0782033413', 'kh0309@gmail.com', N'28 Võ Thị Sáu, Hà Nội'),
(310, N'Ngô Hữu Sơn', '0764123845', 'kh0310@gmail.com', N'103 Trần Phú, Biên Hòa'),
(311, N'Trần Mai Thắng', '0858657117', 'kh0311@gmail.com', N'19 Lý Thường Kiệt, Vinh'),
(312, N'Hồ Hùng Lân', '0547543473', 'kh0312@gmail.com', N'157 Hoàng Diệu, Nam Định'),
(313, N'Phạm Hữu Giang', '0360089832', 'kh0313@gmail.com', N'94 Trường Chinh, Đà Lạt'),
(314, N'Đào Hữu Nam', '0578333267', 'kh0314@gmail.com', N'11 Trường Chinh, Thủ Dầu Một'),
(315, N'Trần Thị Hiếu', '0773584863', 'kh0315@gmail.com', N'39 Đinh Tiên Hoàng, Thái Nguyên'),
(316, N'Tô Kim Phú', '0854018830', 'kh0316@gmail.com', N'42 Phan Bội Châu, Nam Định'),
(317, N'Hồ Linh Việt', '0555147280', 'kh0317@gmail.com', N'131 Võ Thị Sáu, Thái Nguyên'),
(318, N'Lưu Tùng Vân', '0773739005', 'kh0318@gmail.com', N'85 Phan Bội Châu, Hà Nội'),
(319, N'Đinh Đức Hậu', '0551295819', 'kh0319@gmail.com', N'122 Giải Phóng, Hà Nội'),
(320, N'Võ Hoàng Yên', '0540540334', 'kh0320@gmail.com', N'123 Giải Phóng, Hồ Chí Minh'),
(321, N'Huỳnh Hùng Kiên', '0329834119', 'kh0321@gmail.com', N'147 Trần Phú, Vũng Tàu'),
(322, N'Đoàn Đức Nam', '0969195194', 'kh0322@gmail.com', N'39 Nguyễn Trãi, Đà Lạt'),
(323, N'Ngô Thảo Oanh', '0377353073', 'kh0323@gmail.com', N'121 Nguyễn Văn Cừ, Nam Định'),
(324, N'Mạc Bảo Dũng', '0879616482', 'kh0324@gmail.com', N'84 Trường Chinh, Nha Trang'),
(325, N'Đinh Tùng Quỳnh', '0352111160', 'kh0325@gmail.com', N'137 Đinh Tiên Hoàng, Huế'),
(326, N'Bùi Lan Ánh', '0791883092', 'kh0326@gmail.com', N'64 Hai Bà Trưng, Bắc Giang'),
(327, N'Võ Lan Việt', '0849945150', 'kh0327@gmail.com', N'54 Bạch Đằng, Quy Nhơn'),
(328, N'Đoàn Thảo Oanh', '0774398125', 'kh0328@gmail.com', N'185 Trường Chinh, Biên Hòa'),
(329, N'Võ Thanh Hà', '0582905845', 'kh0329@gmail.com', N'102 Nguyễn Văn Cừ, Thủ Dầu Một'),
(330, N'Lâm Hồng Khoa', '0715646068', 'kh0330@gmail.com', N'21 Bạch Đằng, Quy Nhơn'),
(331, N'Đỗ Tâm Lân', '0774300930', 'kh0331@gmail.com', N'138 Hai Bà Trưng, Nha Trang'),
(332, N'Võ Tâm Thắng', '0728424464', 'kh0332@gmail.com', N'190 Giải Phóng, Hải Phòng'),
(333, N'Cao Thu Quân', '0999903592', 'kh0333@gmail.com', N'164 Hai Bà Trưng, Thái Nguyên'),
(334, N'Vũ Thị Giang', '0354331259', 'kh0334@gmail.com', N'175 Lê Lợi, Bắc Giang'),
(335, N'Đào Hữu An', '0531198492', 'kh0335@gmail.com', N'122 Hoàng Diệu, Long Xuyên'),
(336, N'Lý Hoàng Nam', '0753106399', 'kh0336@gmail.com', N'16 Hoàng Diệu, Quy Nhơn'),
(337, N'Chu Trung Phúc', '0541168067', 'kh0337@gmail.com', N'186 Bạch Đằng, Vinh'),
(338, N'Mạc Tâm Cường', '0866087572', 'kh0338@gmail.com', N'10 Nguyễn Văn Cừ, Huế'),
(339, N'Lâm Phương Oanh', '0848851599', 'kh0339@gmail.com', N'77 Trần Phú, Hồ Chí Minh'),
(340, N'Cao Linh Giang', '0748193218', 'kh0340@gmail.com', N'140 Hoàng Diệu, Mỹ Tho'),
(341, N'Đinh Tùng Hiếu', '0572816684', 'kh0341@gmail.com', N'29 Hai Bà Trưng, Buôn Ma Thuột'),
(342, N'Bùi Quốc Mỹ', '0734991216', 'kh0342@gmail.com', N'87 Bạch Đằng, Hà Nội'),
(343, N'Hà Thanh Vân', '0833554528', 'kh0343@gmail.com', N'164 Võ Thị Sáu, Nam Định'),
(344, N'Thái Phương Khôi', '0554013571', 'kh0344@gmail.com', N'172 Nguyễn Trãi, Đà Nẵng'),
(345, N'Phạm Quốc Hiếu', '0353433080', 'kh0345@gmail.com', N'67 Trần Phú, Vũng Tàu'),
(346, N'Hồ Thu Lân', '0754241559', 'kh0346@gmail.com', N'186 Giải Phóng, Quy Nhơn'),
(347, N'Cao Văn Sơn', '0741715995', 'kh0347@gmail.com', N'31 Hoàng Diệu, Hồ Chí Minh'),
(348, N'Dương Thanh Linh', '0377447155', 'kh0348@gmail.com', N'31 Bạch Đằng, Quy Nhơn'),
(349, N'Trịnh Tâm Uyên', '0792493631', 'kh0349@gmail.com', N'35 Hai Bà Trưng, Vũng Tàu'),
(350, N'Lý Hữu Mỹ', '0560147077', 'kh0350@gmail.com', N'141 Bạch Đằng, Long Xuyên'),
(351, N'Chu Tùng Sáng', '0843214247', 'kh0351@gmail.com', N'21 Võ Thị Sáu, Nam Định'),
(352, N'Đinh Hải Quỳnh', '0720482769', 'kh0352@gmail.com', N'16 Lê Lợi, Thanh Hóa'),
(353, N'Lâm Lan Phú', '0886866717', 'kh0353@gmail.com', N'43 Nguyễn Huệ, Vinh'),
(354, N'Bùi Bảo Quỳnh', '0325601471', 'kh0354@gmail.com', N'150 Bạch Đằng, Nha Trang'),
(355, N'Lý Minh Phú', '0317467311', 'kh0355@gmail.com', N'132 Nguyễn Huệ, Mỹ Tho'),
(356, N'Ngô Hải Vân', '0985000490', 'kh0356@gmail.com', N'79 Hoàng Diệu, Mỹ Tho'),
(357, N'Mai Văn Đạt', '0710404729', 'kh0357@gmail.com', N'19 Giải Phóng, Nha Trang'),
(358, N'Trần Anh Ánh', '0982633735', 'kh0358@gmail.com', N'18 Nguyễn Văn Cừ, Hồ Chí Minh'),
(359, N'Chu Tùng Cường', '0764877191', 'kh0359@gmail.com', N'35 Trần Hưng Đạo, Huế'),
(360, N'Đào Hoàng Hậu', '0761335545', 'kh0360@gmail.com', N'97 Võ Thị Sáu, Mỹ Tho'),
(361, N'Hồ Minh Sáng', '0897715861', 'kh0361@gmail.com', N'46 Lê Lợi, Biên Hòa'),
(362, N'Lưu Phương Quỳnh', '0839888974', 'kh0362@gmail.com', N'6 Trần Hưng Đạo, Hà Nội'),
(363, N'Đặng Hải Sáng', '0381394920', 'kh0363@gmail.com', N'59 Võ Thị Sáu, Thủ Dầu Một'),
(364, N'Vũ Hải Ánh', '0846997080', 'kh0364@gmail.com', N'186 Nguyễn Văn Cừ, Nha Trang'),
(365, N'Đào Đức Cường', '0392533595', 'kh0365@gmail.com', N'53 Hai Bà Trưng, Hà Nội'),
(366, N'Lê Đức Duy', '0969920305', 'kh0366@gmail.com', N'181 Hoàng Diệu, Nam Định'),
(367, N'Mạc Thị Quân', '0963991141', 'kh0367@gmail.com', N'139 Hai Bà Trưng, Mỹ Tho'),
(368, N'Phan Trung Dũng', '0877631755', 'kh0368@gmail.com', N'188 Hai Bà Trưng, Quy Nhơn'),
(369, N'Cao Xuân Vân', '0553038943', 'kh0369@gmail.com', N'37 Lý Thường Kiệt, Vũng Tàu'),
(370, N'Đinh Hùng Phương', '0350332555', 'kh0370@gmail.com', N'143 Trần Phú, Buôn Ma Thuột'),
(371, N'Cao Kim Minh', '0384605013', 'kh0371@gmail.com', N'89 Trần Phú, Bắc Giang'),
(372, N'Trịnh Khánh Chi', '0552779814', 'kh0372@gmail.com', N'39 Nguyễn Trãi, Long Xuyên'),
(373, N'Đặng Phương Minh', '0573554620', 'kh0373@gmail.com', N'58 Võ Thị Sáu, Vũng Tàu'),
(374, N'Đặng Bảo Khoa', '0317734153', 'kh0374@gmail.com', N'107 Nguyễn Trãi, Vinh'),
(375, N'Lưu Hùng Hiếu', '0342595918', 'kh0375@gmail.com', N'85 Hai Bà Trưng, Buôn Ma Thuột'),
(376, N'Trịnh Minh Lân', '0722410307', 'kh0376@gmail.com', N'49 Bạch Đằng, Vinh'),
(377, N'Trần Bích Chi', '0590922827', 'kh0377@gmail.com', N'19 Võ Thị Sáu, Hồ Chí Minh'),
(378, N'Phan Long Yên', '0539127464', 'kh0378@gmail.com', N'86 Hai Bà Trưng, Bắc Giang'),
(379, N'Đặng Tâm An', '0835504548', 'kh0379@gmail.com', N'194 Bạch Đằng, Hải Phòng'),
(380, N'Lý Tâm Quân', '0537449289', 'kh0380@gmail.com', N'62 Nguyễn Văn Cừ, Thủ Dầu Một'),
(381, N'Lưu Xuân Uyên', '0372579077', 'kh0381@gmail.com', N'92 Hoàng Diệu, Vinh'),
(382, N'Đặng Bích Bảo', '0576743428', 'kh0382@gmail.com', N'185 Lê Lợi, Mỹ Tho'),
(383, N'Lý Trung Xuân', '0859755172', 'kh0383@gmail.com', N'12 Nguyễn Trãi, Đà Lạt'),
(384, N'Cao Bảo Phương', '0812176998', 'kh0384@gmail.com', N'150 Trường Chinh, Buôn Ma Thuột'),
(385, N'Cao Nhung Hậu', '0730456313', 'kh0385@gmail.com', N'59 Phan Bội Châu, Nha Trang'),
(386, N'Hồ Mai Quân', '0383905989', 'kh0386@gmail.com', N'196 Lý Thường Kiệt, Đà Lạt'),
(387, N'Lâm Tùng Oanh', '0332579937', 'kh0387@gmail.com', N'36 Nguyễn Huệ, Biên Hòa'),
(388, N'Mai Lan Oanh', '0882764376', 'kh0388@gmail.com', N'9 Trường Chinh, Hồ Chí Minh'),
(389, N'Lâm Bảo Em', '0910856822', 'kh0389@gmail.com', N'162 Nguyễn Huệ, Long Xuyên'),
(390, N'Vũ Minh Khoa', '0939356057', 'kh0390@gmail.com', N'96 Đinh Tiên Hoàng, Thái Nguyên'),
(391, N'Trần Linh Kiên', '0398487646', 'kh0391@gmail.com', N'2 Trần Phú, Bắc Giang'),
(392, N'Lưu Lan Hậu', '0912244945', 'kh0392@gmail.com', N'71 Bạch Đằng, Thái Nguyên'),
(393, N'Lưu Thanh Bình', '0567790557', 'kh0393@gmail.com', N'25 Lê Lợi, Huế'),
(394, N'Đinh Hữu Quân', '0893185576', 'kh0394@gmail.com', N'91 Lý Thường Kiệt, Thái Nguyên'),
(395, N'Võ Long Đạt', '0960070135', 'kh0395@gmail.com', N'145 Đinh Tiên Hoàng, Thủ Dầu Một'),
(396, N'Vũ Thảo Phương', '0720820219', 'kh0396@gmail.com', N'104 Lê Lợi, Hồ Chí Minh'),
(397, N'Hồ Phương Thắng', '0317531619', 'kh0397@gmail.com', N'44 Bạch Đằng, Hà Nội'),
(398, N'Lê Tùng Khôi', '0785947990', 'kh0398@gmail.com', N'136 Nguyễn Văn Cừ, Hải Phòng'),
(399, N'Chu Thị Phương', '0886072480', 'kh0399@gmail.com', N'12 Lý Thường Kiệt, Bắc Giang'),
(400, N'Chu Minh Tâm', '0585633013', 'kh0400@gmail.com', N'81 Nguyễn Huệ, Hồ Chí Minh'),
(401, N'Nguyễn Ngọc Yên', '0863458386', 'kh0401@gmail.com', N'42 Lý Thường Kiệt, Đà Nẵng'),
(402, N'Cao Thu Vân', '0382553061', 'kh0402@gmail.com', N'194 Nguyễn Trãi, Đà Lạt'),
(403, N'Mai Hữu Phúc', '0556420476', 'kh0403@gmail.com', N'112 Lê Lợi, Hồ Chí Minh'),
(404, N'Vũ Vĩnh Em', '0791224373', 'kh0404@gmail.com', N'102 Giải Phóng, Nam Định'),
(405, N'Đào Xuân Bình', '0770471823', 'kh0405@gmail.com', N'92 Hai Bà Trưng, Bắc Giang'),
(406, N'Lưu Phương Khôi', '0888634827', 'kh0406@gmail.com', N'198 Lê Lợi, Thủ Dầu Một'),
(407, N'Tô Thanh Quân', '0921010955', 'kh0407@gmail.com', N'98 Nguyễn Huệ, Buôn Ma Thuột'),
(408, N'Đoàn Long Khoa', '0352503832', 'kh0408@gmail.com', N'24 Lê Lợi, Biên Hòa'),
(409, N'Nguyễn Thanh Lân', '0746207439', 'kh0409@gmail.com', N'23 Nguyễn Huệ, Hải Phòng'),
(410, N'Huỳnh Anh Lân', '0584455942', 'kh0410@gmail.com', N'27 Nguyễn Trãi, Thái Nguyên'),
(411, N'Nguyễn Minh Ánh', '0522490873', 'kh0411@gmail.com', N'84 Giải Phóng, Nam Định'),
(412, N'Mạc Phương An', '0765540647', 'kh0412@gmail.com', N'22 Trần Hưng Đạo, Thủ Dầu Một'),
(413, N'Mai Kim Thắng', '0886767229', 'kh0413@gmail.com', N'176 Nguyễn Huệ, Thái Nguyên'),
(414, N'Hồ Quốc Hiếu', '0750417154', 'kh0414@gmail.com', N'38 Đinh Tiên Hoàng, Buôn Ma Thuột'),
(415, N'Lê Quốc Khôi', '0766519399', 'kh0415@gmail.com', N'20 Đinh Tiên Hoàng, Quy Nhơn'),
(416, N'Đỗ Bích Quân', '0389699345', 'kh0416@gmail.com', N'118 Hai Bà Trưng, Nam Định'),
(417, N'Phạm Hữu Việt', '0963108878', 'kh0417@gmail.com', N'159 Võ Thị Sáu, Đà Lạt'),
(418, N'Hồ Long Yến', '0354927535', 'kh0418@gmail.com', N'167 Võ Thị Sáu, Long Xuyên'),
(419, N'Tô Hữu Việt', '0790961645', 'kh0419@gmail.com', N'81 Đinh Tiên Hoàng, Nha Trang'),
(420, N'Huỳnh Phương Xuân', '0794946730', 'kh0420@gmail.com', N'63 Giải Phóng, Bắc Giang'),
(421, N'Bùi Phương Tâm', '0358991556', 'kh0421@gmail.com', N'145 Nguyễn Văn Cừ, Hải Phòng'),
(422, N'Phan Mai Sáng', '0883833059', 'kh0422@gmail.com', N'119 Bạch Đằng, Hà Nội'),
(423, N'Đoàn Ngọc Lân', '0719282319', 'kh0423@gmail.com', N'128 Hoàng Diệu, Long Xuyên'),
(424, N'Hoàng Hoàng Việt', '0843914361', 'kh0424@gmail.com', N'109 Bạch Đằng, Cần Thơ'),
(425, N'Hà Phương Em', '0390253323', 'kh0425@gmail.com', N'103 Giải Phóng, Bắc Giang'),
(426, N'Lưu Hùng Hậu', '0514934536', 'kh0426@gmail.com', N'138 Bạch Đằng, Biên Hòa'),
(427, N'Tô Hoàng Phúc', '0943316996', 'kh0427@gmail.com', N'166 Nguyễn Huệ, Biên Hòa'),
(428, N'Tô Thị Vân', '0354506155', 'kh0428@gmail.com', N'3 Lê Lợi, Long Xuyên'),
(429, N'Phạm Bích Phương', '0579631857', 'kh0429@gmail.com', N'177 Giải Phóng, Vinh'),
(430, N'Cao Thu Lân', '0762497139', 'kh0430@gmail.com', N'174 Trần Hưng Đạo, Mỹ Tho'),
(431, N'Cao Thảo Phú', '0856300738', 'kh0431@gmail.com', N'27 Đinh Tiên Hoàng, Hà Nội'),
(432, N'Đặng Anh Phúc', '0929015320', 'kh0432@gmail.com', N'88 Lý Thường Kiệt, Biên Hòa'),
(433, N'Dương Long Oanh', '0574817230', 'kh0433@gmail.com', N'25 Đinh Tiên Hoàng, Biên Hòa'),
(434, N'Dương Nhung Lân', '0719015987', 'kh0434@gmail.com', N'182 Trần Phú, Quy Nhơn'),
(435, N'Phạm Văn Yến', '0932059232', 'kh0435@gmail.com', N'45 Trường Chinh, Vũng Tàu'),
(436, N'Lưu Quốc Yến', '0567226329', 'kh0436@gmail.com', N'104 Hai Bà Trưng, Mỹ Tho'),
(437, N'Trịnh Quốc Minh', '0363094168', 'kh0437@gmail.com', N'158 Bạch Đằng, Hà Nội'),
(438, N'Thái Ngọc Lân', '0567653606', 'kh0438@gmail.com', N'181 Trần Phú, Thủ Dầu Một'),
(439, N'Phan Ngọc Tâm', '0987490324', 'kh0439@gmail.com', N'138 Trần Hưng Đạo, Hải Phòng'),
(440, N'Huỳnh Hồng Xuân', '0871411378', 'kh0440@gmail.com', N'172 Lý Thường Kiệt, Hải Phòng'),
(441, N'Mạc Tùng Quỳnh', '0790124068', 'kh0441@gmail.com', N'101 Giải Phóng, Thủ Dầu Một'),
(442, N'Cao Đức Ánh', '0771453007', 'kh0442@gmail.com', N'173 Nguyễn Huệ, Nam Định'),
(443, N'Đoàn Long Việt', '0589211057', 'kh0443@gmail.com', N'35 Hoàng Diệu, Đà Nẵng'),
(444, N'Bùi Đức Quân', '0725696616', 'kh0444@gmail.com', N'178 Phan Bội Châu, Huế'),
(445, N'Hoàng Hùng Chi', '0390050918', 'kh0445@gmail.com', N'99 Giải Phóng, Cần Thơ'),
(446, N'Ngô Quốc Oanh', '0596605343', 'kh0446@gmail.com', N'43 Trường Chinh, Huế'),
(447, N'Lý Thanh Hiếu', '0852222214', 'kh0447@gmail.com', N'14 Giải Phóng, Mỹ Tho'),
(448, N'Mạc Hồng An', '0328325379', 'kh0448@gmail.com', N'99 Võ Thị Sáu, Nha Trang'),
(449, N'Lưu Hùng Oanh', '0375998330', 'kh0449@gmail.com', N'114 Bạch Đằng, Long Xuyên'),
(450, N'Lý Quốc Phúc', '0514142053', 'kh0450@gmail.com', N'9 Lý Thường Kiệt, Vũng Tàu'),
(451, N'Võ Thu Sáng', '0732576626', 'kh0451@gmail.com', N'191 Giải Phóng, Mỹ Tho'),
(452, N'Đào Trung Oanh', '0578559218', 'kh0452@gmail.com', N'30 Giải Phóng, Hải Phòng'),
(453, N'Võ Trung Sáng', '0782751830', 'kh0453@gmail.com', N'185 Trần Hưng Đạo, Hồ Chí Minh'),
(454, N'Dương Lan Oanh', '0323746101', 'kh0454@gmail.com', N'9 Lý Thường Kiệt, Vũng Tàu'),
(455, N'Dương Bích Ánh', '0968930964', 'kh0455@gmail.com', N'61 Trần Hưng Đạo, Hải Phòng'),
(456, N'Phan Long Yên', '0791907952', 'kh0456@gmail.com', N'158 Nguyễn Huệ, Long Xuyên'),
(457, N'Hoàng Long Oanh', '0817966873', 'kh0457@gmail.com', N'137 Phan Bội Châu, Thanh Hóa'),
(458, N'Võ Linh Sáng', '0853440052', 'kh0458@gmail.com', N'147 Lý Thường Kiệt, Quy Nhơn'),
(459, N'Võ Bảo Phú', '0928198434', 'kh0459@gmail.com', N'16 Nguyễn Văn Cừ, Long Xuyên'),
(460, N'Võ Bảo Hiếu', '0843511112', 'kh0460@gmail.com', N'83 Bạch Đằng, Cần Thơ'),
(461, N'Lâm Thu Đạt', '0329081953', 'kh0461@gmail.com', N'69 Hoàng Diệu, Thanh Hóa'),
(462, N'Trịnh Anh Chi', '0320135622', 'kh0462@gmail.com', N'132 Nguyễn Trãi, Đà Nẵng'),
(463, N'Mai Bích Bảo', '0375504221', 'kh0463@gmail.com', N'1 Giải Phóng, Đà Lạt'),
(464, N'Mạc Trung Phúc', '0395206855', 'kh0464@gmail.com', N'17 Võ Thị Sáu, Biên Hòa'),
(465, N'Hà Lan Đạt', '0867665720', 'kh0465@gmail.com', N'69 Đinh Tiên Hoàng, Nha Trang'),
(466, N'Bùi Vĩnh Uyên', '0783458776', 'kh0466@gmail.com', N'145 Nguyễn Huệ, Thanh Hóa'),
(467, N'Mạc Tùng Yến', '0916166355', 'kh0467@gmail.com', N'118 Hoàng Diệu, Hải Phòng'),
(468, N'Nguyễn Đức Linh', '0371272827', 'kh0468@gmail.com', N'52 Nguyễn Trãi, Hà Nội'),
(469, N'Đoàn Tâm Hiếu', '0731337593', 'kh0469@gmail.com', N'168 Lê Lợi, Buôn Ma Thuột'),
(470, N'Đỗ Bích Phúc', '0799188862', 'kh0470@gmail.com', N'102 Trần Phú, Huế'),
(471, N'Trịnh Thanh Phương', '0397977738', 'kh0471@gmail.com', N'25 Bạch Đằng, Đà Nẵng'),
(472, N'Nguyễn Ngọc Ngân', '0927810664', 'kh0472@gmail.com', N'133 Hai Bà Trưng, Thanh Hóa'),
(473, N'Đinh Hải An', '0956113741', 'kh0473@gmail.com', N'109 Võ Thị Sáu, Hải Phòng'),
(474, N'Đoàn Hữu Ngân', '0940728728', 'kh0474@gmail.com', N'188 Lê Lợi, Thủ Dầu Một'),
(475, N'Hà Đức Giang', '0759333294', 'kh0475@gmail.com', N'98 Nguyễn Huệ, Quy Nhơn'),
(476, N'Đào Vĩnh Hiếu', '0819182050', 'kh0476@gmail.com', N'3 Giải Phóng, Thái Nguyên'),
(477, N'Tô Hoàng Linh', '0357135617', 'kh0477@gmail.com', N'192 Hoàng Diệu, Nha Trang'),
(478, N'Hoàng Tâm Hậu', '0569375757', 'kh0478@gmail.com', N'26 Lê Lợi, Nha Trang'),
(479, N'Hoàng Trung Hà', '0561543890', 'kh0479@gmail.com', N'81 Nguyễn Trãi, Biên Hòa'),
(480, N'Hà Hữu Quân', '0796519508', 'kh0480@gmail.com', N'142 Hai Bà Trưng, Đà Nẵng'),
(481, N'Tô Linh Duy', '0713600310', 'kh0481@gmail.com', N'133 Hai Bà Trưng, Quy Nhơn'),
(482, N'Tô Hùng Nam', '0349666982', 'kh0482@gmail.com', N'62 Trần Hưng Đạo, Hồ Chí Minh'),
(483, N'Lý Phương Hà', '0877052833', 'kh0483@gmail.com', N'136 Lê Lợi, Nam Định'),
(484, N'Thái Văn Bảo', '0727714442', 'kh0484@gmail.com', N'146 Võ Thị Sáu, Thủ Dầu Một'),
(485, N'Ngô Hồng Sáng', '0873218512', 'kh0485@gmail.com', N'151 Trần Phú, Đà Nẵng'),
(486, N'Lê Văn Sơn', '0815345470', 'kh0486@gmail.com', N'102 Trần Hưng Đạo, Hồ Chí Minh'),
(487, N'Đinh Thanh Phú', '0366851305', 'kh0487@gmail.com', N'164 Lê Lợi, Thủ Dầu Một'),
(488, N'Lưu Lan Kiên', '0847241089', 'kh0488@gmail.com', N'21 Lý Thường Kiệt, Đà Nẵng'),
(489, N'Đinh Tâm Oanh', '0881993070', 'kh0489@gmail.com', N'151 Nguyễn Trãi, Đà Lạt'),
(490, N'Trịnh Trung Em', '0768718382', 'kh0490@gmail.com', N'63 Trần Phú, Vũng Tàu'),
(491, N'Lê Tâm Khôi', '0970850538', 'kh0491@gmail.com', N'15 Giải Phóng, Nam Định'),
(492, N'Đặng Khánh Minh', '0911699863', 'kh0492@gmail.com', N'3 Bạch Đằng, Cần Thơ'),
(493, N'Huỳnh Tùng Ánh', '0579420474', 'kh0493@gmail.com', N'96 Nguyễn Huệ, Buôn Ma Thuột'),
(494, N'Hoàng Nhung Tâm', '0913940129', 'kh0494@gmail.com', N'110 Trần Hưng Đạo, Đà Lạt'),
(495, N'Võ Hùng Em', '0787396877', 'kh0495@gmail.com', N'117 Đinh Tiên Hoàng, Đà Nẵng'),
(496, N'Đinh Hồng Dũng', '0386086168', 'kh0496@gmail.com', N'41 Phan Bội Châu, Huế'),
(497, N'Võ Trung Giang', '0525479814', 'kh0497@gmail.com', N'131 Bạch Đằng, Vũng Tàu'),
(498, N'Nguyễn Thị An', '0816171536', 'kh0498@gmail.com', N'99 Phan Bội Châu, Bắc Giang'),
(499, N'Chu Hữu Minh', '0984204255', 'kh0499@gmail.com', N'83 Hai Bà Trưng, Long Xuyên'),
(500, N'Vũ Anh Xuân', '0720453825', 'kh0500@gmail.com', N'31 Phan Bội Châu, Thanh Hóa'),
(501, N'Đinh Khánh Dũng', '0839955391', 'kh0501@gmail.com', N'103 Trần Phú, Thái Nguyên'),
(502, N'Lê Kim Mỹ', '0751701149', 'kh0502@gmail.com', N'142 Lê Lợi, Đà Lạt'),
(503, N'Dương Văn Bảo', '0849137230', 'kh0503@gmail.com', N'78 Trần Hưng Đạo, Thanh Hóa'),
(504, N'Mai Linh Quân', '0359428849', 'kh0504@gmail.com', N'198 Đinh Tiên Hoàng, Thanh Hóa'),
(505, N'Đào Ngọc Sáng', '0830208677', 'kh0505@gmail.com', N'105 Nguyễn Văn Cừ, Hà Nội'),
(506, N'Nguyễn Thu Sáng', '0795354668', 'kh0506@gmail.com', N'1 Phan Bội Châu, Hà Nội'),
(507, N'Đào Khánh Chi', '0723951801', 'kh0507@gmail.com', N'61 Trường Chinh, Nha Trang'),
(508, N'Ngô Tùng Dũng', '0847557512', 'kh0508@gmail.com', N'60 Trần Phú, Đà Nẵng'),
(509, N'Thái Bảo Quỳnh', '0359995026', 'kh0509@gmail.com', N'22 Bạch Đằng, Mỹ Tho'),
(510, N'Cao Đức Phú', '0895525640', 'kh0510@gmail.com', N'152 Lê Lợi, Thủ Dầu Một');

-- ─────────────────────────────────────────────
-- 4. Tables (510 rows)
-- Represents multi-branch restaurant scenario
-- ─────────────────────────────────────────────
TRUNCATE TABLE Tables;
INSERT INTO Tables (TableID, TableNumber, Capacity, Location, Status) VALUES
(1, 'T001', 2, N'Main Hall', 'Available'),
(2, 'T002', 6, N'Window Side', 'Available'),
(3, 'T003', 4, N'Terrace', 'Available'),
(4, 'T004', 4, N'Private Room', 'Reserved'),
(5, 'T005', 4, N'Garden', 'Occupied'),
(6, 'T006', 4, N'Bar Counter', 'Maintenance'),
(7, 'T007', 6, N'VIP Room', 'Available'),
(8, 'T008', 6, N'Rooftop', 'Available'),
(9, 'T009', 6, N'Main Hall', 'Available'),
(10, 'T010', 6, N'Window Side', 'Reserved'),
(11, 'T011', 8, N'Terrace', 'Occupied'),
(12, 'T012', 4, N'Private Room', 'Maintenance'),
(13, 'T013', 4, N'Garden', 'Available'),
(14, 'T014', 2, N'Bar Counter', 'Available'),
(15, 'T015', 4, N'VIP Room', 'Available'),
(16, 'T016', 4, N'Rooftop', 'Reserved'),
(17, 'T017', 2, N'Main Hall', 'Occupied'),
(18, 'T018', 4, N'Window Side', 'Maintenance'),
(19, 'T019', 2, N'Terrace', 'Available'),
(20, 'T020', 4, N'Private Room', 'Available'),
(21, 'T021', 8, N'Garden', 'Available'),
(22, 'T022', 8, N'Bar Counter', 'Reserved'),
(23, 'T023', 6, N'VIP Room', 'Occupied'),
(24, 'T024', 6, N'Rooftop', 'Maintenance'),
(25, 'T025', 2, N'Main Hall', 'Available'),
(26, 'T026', 10, N'Window Side', 'Available'),
(27, 'T027', 6, N'Terrace', 'Available'),
(28, 'T028', 4, N'Private Room', 'Reserved'),
(29, 'T029', 8, N'Garden', 'Occupied'),
(30, 'T030', 4, N'Bar Counter', 'Maintenance'),
(31, 'T031', 8, N'VIP Room', 'Available'),
(32, 'T032', 4, N'Rooftop', 'Available'),
(33, 'T033', 2, N'Main Hall', 'Available'),
(34, 'T034', 2, N'Window Side', 'Reserved'),
(35, 'T035', 4, N'Terrace', 'Occupied'),
(36, 'T036', 4, N'Private Room', 'Maintenance'),
(37, 'T037', 2, N'Garden', 'Available'),
(38, 'T038', 4, N'Bar Counter', 'Available'),
(39, 'T039', 6, N'VIP Room', 'Available'),
(40, 'T040', 4, N'Rooftop', 'Reserved'),
(41, 'T041', 2, N'Main Hall', 'Occupied'),
(42, 'T042', 4, N'Window Side', 'Maintenance'),
(43, 'T043', 6, N'Terrace', 'Available'),
(44, 'T044', 6, N'Private Room', 'Available'),
(45, 'T045', 10, N'Garden', 'Available'),
(46, 'T046', 2, N'Bar Counter', 'Reserved'),
(47, 'T047', 4, N'VIP Room', 'Occupied'),
(48, 'T048', 4, N'Rooftop', 'Maintenance'),
(49, 'T049', 4, N'Main Hall', 'Available'),
(50, 'T050', 2, N'Window Side', 'Available'),
(51, 'T051', 6, N'Terrace', 'Available'),
(52, 'T052', 8, N'Private Room', 'Reserved'),
(53, 'T053', 10, N'Garden', 'Occupied'),
(54, 'T054', 10, N'Bar Counter', 'Maintenance'),
(55, 'T055', 4, N'VIP Room', 'Available'),
(56, 'T056', 2, N'Rooftop', 'Available'),
(57, 'T057', 8, N'Main Hall', 'Available'),
(58, 'T058', 2, N'Window Side', 'Reserved'),
(59, 'T059', 4, N'Terrace', 'Occupied'),
(60, 'T060', 2, N'Private Room', 'Maintenance'),
(61, 'T061', 2, N'Garden', 'Available'),
(62, 'T062', 2, N'Bar Counter', 'Available'),
(63, 'T063', 4, N'VIP Room', 'Available'),
(64, 'T064', 4, N'Rooftop', 'Reserved'),
(65, 'T065', 4, N'Main Hall', 'Occupied'),
(66, 'T066', 6, N'Window Side', 'Maintenance'),
(67, 'T067', 6, N'Terrace', 'Available'),
(68, 'T068', 2, N'Private Room', 'Available'),
(69, 'T069', 4, N'Garden', 'Available'),
(70, 'T070', 2, N'Bar Counter', 'Reserved'),
(71, 'T071', 2, N'VIP Room', 'Occupied'),
(72, 'T072', 2, N'Rooftop', 'Maintenance'),
(73, 'T073', 4, N'Main Hall', 'Available'),
(74, 'T074', 8, N'Window Side', 'Available'),
(75, 'T075', 4, N'Terrace', 'Available'),
(76, 'T076', 2, N'Private Room', 'Reserved'),
(77, 'T077', 6, N'Garden', 'Occupied'),
(78, 'T078', 2, N'Bar Counter', 'Maintenance'),
(79, 'T079', 2, N'VIP Room', 'Available'),
(80, 'T080', 8, N'Rooftop', 'Available'),
(81, 'T081', 2, N'Main Hall', 'Available'),
(82, 'T082', 4, N'Window Side', 'Reserved'),
(83, 'T083', 6, N'Terrace', 'Occupied'),
(84, 'T084', 6, N'Private Room', 'Maintenance'),
(85, 'T085', 8, N'Garden', 'Available'),
(86, 'T086', 2, N'Bar Counter', 'Available'),
(87, 'T087', 6, N'VIP Room', 'Available'),
(88, 'T088', 6, N'Rooftop', 'Reserved'),
(89, 'T089', 4, N'Main Hall', 'Occupied'),
(90, 'T090', 6, N'Window Side', 'Maintenance'),
(91, 'T091', 4, N'Terrace', 'Available'),
(92, 'T092', 4, N'Private Room', 'Available'),
(93, 'T093', 4, N'Garden', 'Available'),
(94, 'T094', 4, N'Bar Counter', 'Reserved'),
(95, 'T095', 8, N'VIP Room', 'Occupied'),
(96, 'T096', 4, N'Rooftop', 'Maintenance'),
(97, 'T097', 2, N'Main Hall', 'Available'),
(98, 'T098', 4, N'Window Side', 'Available'),
(99, 'T099', 4, N'Terrace', 'Available'),
(100, 'T100', 8, N'Private Room', 'Reserved'),
(101, 'T101', 6, N'Garden', 'Occupied'),
(102, 'T102', 10, N'Bar Counter', 'Maintenance'),
(103, 'T103', 8, N'VIP Room', 'Available'),
(104, 'T104', 2, N'Rooftop', 'Available'),
(105, 'T105', 2, N'Main Hall', 'Available'),
(106, 'T106', 4, N'Window Side', 'Reserved'),
(107, 'T107', 6, N'Terrace', 'Occupied'),
(108, 'T108', 4, N'Private Room', 'Maintenance'),
(109, 'T109', 6, N'Garden', 'Available'),
(110, 'T110', 4, N'Bar Counter', 'Available'),
(111, 'T111', 10, N'VIP Room', 'Available'),
(112, 'T112', 4, N'Rooftop', 'Reserved'),
(113, 'T113', 10, N'Main Hall', 'Occupied'),
(114, 'T114', 2, N'Window Side', 'Maintenance'),
(115, 'T115', 6, N'Terrace', 'Available'),
(116, 'T116', 6, N'Private Room', 'Available'),
(117, 'T117', 8, N'Garden', 'Available'),
(118, 'T118', 10, N'Bar Counter', 'Reserved'),
(119, 'T119', 8, N'VIP Room', 'Occupied'),
(120, 'T120', 6, N'Rooftop', 'Maintenance'),
(121, 'T121', 10, N'Main Hall', 'Available'),
(122, 'T122', 6, N'Window Side', 'Available'),
(123, 'T123', 6, N'Terrace', 'Available'),
(124, 'T124', 4, N'Private Room', 'Reserved'),
(125, 'T125', 4, N'Garden', 'Occupied'),
(126, 'T126', 2, N'Bar Counter', 'Maintenance'),
(127, 'T127', 6, N'VIP Room', 'Available'),
(128, 'T128', 4, N'Rooftop', 'Available'),
(129, 'T129', 2, N'Main Hall', 'Available'),
(130, 'T130', 4, N'Window Side', 'Reserved'),
(131, 'T131', 2, N'Terrace', 'Occupied'),
(132, 'T132', 8, N'Private Room', 'Maintenance'),
(133, 'T133', 10, N'Garden', 'Available'),
(134, 'T134', 6, N'Bar Counter', 'Available'),
(135, 'T135', 4, N'VIP Room', 'Available'),
(136, 'T136', 4, N'Rooftop', 'Reserved'),
(137, 'T137', 2, N'Main Hall', 'Occupied'),
(138, 'T138', 4, N'Window Side', 'Maintenance'),
(139, 'T139', 4, N'Terrace', 'Available'),
(140, 'T140', 4, N'Private Room', 'Available'),
(141, 'T141', 10, N'Garden', 'Available'),
(142, 'T142', 2, N'Bar Counter', 'Reserved'),
(143, 'T143', 4, N'VIP Room', 'Occupied'),
(144, 'T144', 6, N'Rooftop', 'Maintenance'),
(145, 'T145', 6, N'Main Hall', 'Available'),
(146, 'T146', 4, N'Window Side', 'Available'),
(147, 'T147', 4, N'Terrace', 'Available'),
(148, 'T148', 4, N'Private Room', 'Reserved'),
(149, 'T149', 6, N'Garden', 'Occupied'),
(150, 'T150', 6, N'Bar Counter', 'Maintenance'),
(151, 'T151', 2, N'VIP Room', 'Available'),
(152, 'T152', 6, N'Rooftop', 'Available'),
(153, 'T153', 4, N'Main Hall', 'Available'),
(154, 'T154', 4, N'Window Side', 'Reserved'),
(155, 'T155', 8, N'Terrace', 'Occupied'),
(156, 'T156', 10, N'Private Room', 'Maintenance'),
(157, 'T157', 4, N'Garden', 'Available'),
(158, 'T158', 4, N'Bar Counter', 'Available'),
(159, 'T159', 8, N'VIP Room', 'Available'),
(160, 'T160', 2, N'Rooftop', 'Reserved'),
(161, 'T161', 2, N'Main Hall', 'Occupied'),
(162, 'T162', 2, N'Window Side', 'Maintenance'),
(163, 'T163', 4, N'Terrace', 'Available'),
(164, 'T164', 4, N'Private Room', 'Available'),
(165, 'T165', 2, N'Garden', 'Available'),
(166, 'T166', 10, N'Bar Counter', 'Reserved'),
(167, 'T167', 8, N'VIP Room', 'Occupied'),
(168, 'T168', 2, N'Rooftop', 'Maintenance'),
(169, 'T169', 6, N'Main Hall', 'Available'),
(170, 'T170', 4, N'Window Side', 'Available'),
(171, 'T171', 4, N'Terrace', 'Available'),
(172, 'T172', 6, N'Private Room', 'Reserved'),
(173, 'T173', 4, N'Garden', 'Occupied'),
(174, 'T174', 6, N'Bar Counter', 'Maintenance'),
(175, 'T175', 2, N'VIP Room', 'Available'),
(176, 'T176', 2, N'Rooftop', 'Available'),
(177, 'T177', 4, N'Main Hall', 'Available'),
(178, 'T178', 4, N'Window Side', 'Reserved'),
(179, 'T179', 2, N'Terrace', 'Occupied'),
(180, 'T180', 10, N'Private Room', 'Maintenance'),
(181, 'T181', 6, N'Garden', 'Available'),
(182, 'T182', 2, N'Bar Counter', 'Available'),
(183, 'T183', 6, N'VIP Room', 'Available'),
(184, 'T184', 6, N'Rooftop', 'Reserved'),
(185, 'T185', 2, N'Main Hall', 'Occupied'),
(186, 'T186', 6, N'Window Side', 'Maintenance'),
(187, 'T187', 4, N'Terrace', 'Available'),
(188, 'T188', 6, N'Private Room', 'Available'),
(189, 'T189', 4, N'Garden', 'Available'),
(190, 'T190', 4, N'Bar Counter', 'Reserved'),
(191, 'T191', 6, N'VIP Room', 'Occupied'),
(192, 'T192', 8, N'Rooftop', 'Maintenance'),
(193, 'T193', 6, N'Main Hall', 'Available'),
(194, 'T194', 4, N'Window Side', 'Available'),
(195, 'T195', 10, N'Terrace', 'Available'),
(196, 'T196', 6, N'Private Room', 'Reserved'),
(197, 'T197', 4, N'Garden', 'Occupied'),
(198, 'T198', 4, N'Bar Counter', 'Maintenance'),
(199, 'T199', 6, N'VIP Room', 'Available'),
(200, 'T200', 4, N'Rooftop', 'Available'),
(201, 'T201', 4, N'Main Hall', 'Available'),
(202, 'T202', 4, N'Window Side', 'Reserved'),
(203, 'T203', 4, N'Terrace', 'Occupied'),
(204, 'T204', 2, N'Private Room', 'Maintenance'),
(205, 'T205', 6, N'Garden', 'Available'),
(206, 'T206', 2, N'Bar Counter', 'Available'),
(207, 'T207', 4, N'VIP Room', 'Available'),
(208, 'T208', 6, N'Rooftop', 'Reserved'),
(209, 'T209', 4, N'Main Hall', 'Occupied'),
(210, 'T210', 2, N'Window Side', 'Maintenance'),
(211, 'T211', 8, N'Terrace', 'Available'),
(212, 'T212', 4, N'Private Room', 'Available'),
(213, 'T213', 6, N'Garden', 'Available'),
(214, 'T214', 2, N'Bar Counter', 'Reserved'),
(215, 'T215', 4, N'VIP Room', 'Occupied'),
(216, 'T216', 6, N'Rooftop', 'Maintenance'),
(217, 'T217', 6, N'Main Hall', 'Available'),
(218, 'T218', 4, N'Window Side', 'Available'),
(219, 'T219', 2, N'Terrace', 'Available'),
(220, 'T220', 6, N'Private Room', 'Reserved'),
(221, 'T221', 8, N'Garden', 'Occupied'),
(222, 'T222', 2, N'Bar Counter', 'Maintenance'),
(223, 'T223', 4, N'VIP Room', 'Available'),
(224, 'T224', 4, N'Rooftop', 'Available'),
(225, 'T225', 4, N'Main Hall', 'Available'),
(226, 'T226', 2, N'Window Side', 'Reserved'),
(227, 'T227', 6, N'Terrace', 'Occupied'),
(228, 'T228', 4, N'Private Room', 'Maintenance'),
(229, 'T229', 2, N'Garden', 'Available'),
(230, 'T230', 2, N'Bar Counter', 'Available'),
(231, 'T231', 2, N'VIP Room', 'Available'),
(232, 'T232', 6, N'Rooftop', 'Reserved'),
(233, 'T233', 8, N'Main Hall', 'Occupied'),
(234, 'T234', 6, N'Window Side', 'Maintenance'),
(235, 'T235', 4, N'Terrace', 'Available'),
(236, 'T236', 6, N'Private Room', 'Available'),
(237, 'T237', 8, N'Garden', 'Available'),
(238, 'T238', 6, N'Bar Counter', 'Reserved'),
(239, 'T239', 6, N'VIP Room', 'Occupied'),
(240, 'T240', 10, N'Rooftop', 'Maintenance'),
(241, 'T241', 6, N'Main Hall', 'Available'),
(242, 'T242', 2, N'Window Side', 'Available'),
(243, 'T243', 8, N'Terrace', 'Available'),
(244, 'T244', 4, N'Private Room', 'Reserved'),
(245, 'T245', 4, N'Garden', 'Occupied'),
(246, 'T246', 8, N'Bar Counter', 'Maintenance'),
(247, 'T247', 2, N'VIP Room', 'Available'),
(248, 'T248', 2, N'Rooftop', 'Available'),
(249, 'T249', 4, N'Main Hall', 'Available'),
(250, 'T250', 2, N'Window Side', 'Reserved'),
(251, 'T251', 6, N'Terrace', 'Occupied'),
(252, 'T252', 4, N'Private Room', 'Maintenance'),
(253, 'T253', 2, N'Garden', 'Available'),
(254, 'T254', 2, N'Bar Counter', 'Available'),
(255, 'T255', 6, N'VIP Room', 'Available'),
(256, 'T256', 4, N'Rooftop', 'Reserved'),
(257, 'T257', 6, N'Main Hall', 'Occupied'),
(258, 'T258', 4, N'Window Side', 'Maintenance'),
(259, 'T259', 2, N'Terrace', 'Available'),
(260, 'T260', 10, N'Private Room', 'Available'),
(261, 'T261', 2, N'Garden', 'Available'),
(262, 'T262', 6, N'Bar Counter', 'Reserved'),
(263, 'T263', 8, N'VIP Room', 'Occupied'),
(264, 'T264', 2, N'Rooftop', 'Maintenance'),
(265, 'T265', 6, N'Main Hall', 'Available'),
(266, 'T266', 4, N'Window Side', 'Available'),
(267, 'T267', 6, N'Terrace', 'Available'),
(268, 'T268', 4, N'Private Room', 'Reserved'),
(269, 'T269', 2, N'Garden', 'Occupied'),
(270, 'T270', 2, N'Bar Counter', 'Maintenance'),
(271, 'T271', 6, N'VIP Room', 'Available'),
(272, 'T272', 4, N'Rooftop', 'Available'),
(273, 'T273', 4, N'Main Hall', 'Available'),
(274, 'T274', 6, N'Window Side', 'Reserved'),
(275, 'T275', 10, N'Terrace', 'Occupied'),
(276, 'T276', 10, N'Private Room', 'Maintenance'),
(277, 'T277', 4, N'Garden', 'Available'),
(278, 'T278', 4, N'Bar Counter', 'Available'),
(279, 'T279', 4, N'VIP Room', 'Available'),
(280, 'T280', 4, N'Rooftop', 'Reserved'),
(281, 'T281', 2, N'Main Hall', 'Occupied'),
(282, 'T282', 2, N'Window Side', 'Maintenance'),
(283, 'T283', 6, N'Terrace', 'Available'),
(284, 'T284', 10, N'Private Room', 'Available'),
(285, 'T285', 8, N'Garden', 'Available'),
(286, 'T286', 4, N'Bar Counter', 'Reserved'),
(287, 'T287', 2, N'VIP Room', 'Occupied'),
(288, 'T288', 6, N'Rooftop', 'Maintenance'),
(289, 'T289', 2, N'Main Hall', 'Available'),
(290, 'T290', 6, N'Window Side', 'Available'),
(291, 'T291', 2, N'Terrace', 'Available'),
(292, 'T292', 4, N'Private Room', 'Reserved'),
(293, 'T293', 8, N'Garden', 'Occupied'),
(294, 'T294', 4, N'Bar Counter', 'Maintenance'),
(295, 'T295', 2, N'VIP Room', 'Available'),
(296, 'T296', 2, N'Rooftop', 'Available'),
(297, 'T297', 4, N'Main Hall', 'Available'),
(298, 'T298', 4, N'Window Side', 'Reserved'),
(299, 'T299', 4, N'Terrace', 'Occupied'),
(300, 'T300', 2, N'Private Room', 'Maintenance'),
(301, 'T301', 8, N'Garden', 'Available'),
(302, 'T302', 2, N'Bar Counter', 'Available'),
(303, 'T303', 4, N'VIP Room', 'Available'),
(304, 'T304', 6, N'Rooftop', 'Reserved'),
(305, 'T305', 8, N'Main Hall', 'Occupied'),
(306, 'T306', 8, N'Window Side', 'Maintenance'),
(307, 'T307', 4, N'Terrace', 'Available'),
(308, 'T308', 2, N'Private Room', 'Available'),
(309, 'T309', 10, N'Garden', 'Available'),
(310, 'T310', 6, N'Bar Counter', 'Reserved'),
(311, 'T311', 4, N'VIP Room', 'Occupied'),
(312, 'T312', 6, N'Rooftop', 'Maintenance'),
(313, 'T313', 6, N'Main Hall', 'Available'),
(314, 'T314', 6, N'Window Side', 'Available'),
(315, 'T315', 4, N'Terrace', 'Available'),
(316, 'T316', 8, N'Private Room', 'Reserved'),
(317, 'T317', 2, N'Garden', 'Occupied'),
(318, 'T318', 4, N'Bar Counter', 'Maintenance'),
(319, 'T319', 8, N'VIP Room', 'Available'),
(320, 'T320', 8, N'Rooftop', 'Available'),
(321, 'T321', 4, N'Main Hall', 'Available'),
(322, 'T322', 4, N'Window Side', 'Reserved'),
(323, 'T323', 4, N'Terrace', 'Occupied'),
(324, 'T324', 2, N'Private Room', 'Maintenance'),
(325, 'T325', 4, N'Garden', 'Available'),
(326, 'T326', 2, N'Bar Counter', 'Available'),
(327, 'T327', 2, N'VIP Room', 'Available'),
(328, 'T328', 6, N'Rooftop', 'Reserved'),
(329, 'T329', 10, N'Main Hall', 'Occupied'),
(330, 'T330', 6, N'Window Side', 'Maintenance'),
(331, 'T331', 4, N'Terrace', 'Available'),
(332, 'T332', 10, N'Private Room', 'Available'),
(333, 'T333', 2, N'Garden', 'Available'),
(334, 'T334', 6, N'Bar Counter', 'Reserved'),
(335, 'T335', 10, N'VIP Room', 'Occupied'),
(336, 'T336', 6, N'Rooftop', 'Maintenance'),
(337, 'T337', 10, N'Main Hall', 'Available'),
(338, 'T338', 8, N'Window Side', 'Available'),
(339, 'T339', 4, N'Terrace', 'Available'),
(340, 'T340', 8, N'Private Room', 'Reserved'),
(341, 'T341', 4, N'Garden', 'Occupied'),
(342, 'T342', 2, N'Bar Counter', 'Maintenance'),
(343, 'T343', 6, N'VIP Room', 'Available'),
(344, 'T344', 2, N'Rooftop', 'Available'),
(345, 'T345', 10, N'Main Hall', 'Available'),
(346, 'T346', 10, N'Window Side', 'Reserved'),
(347, 'T347', 4, N'Terrace', 'Occupied'),
(348, 'T348', 2, N'Private Room', 'Maintenance'),
(349, 'T349', 8, N'Garden', 'Available'),
(350, 'T350', 4, N'Bar Counter', 'Available'),
(351, 'T351', 4, N'VIP Room', 'Available'),
(352, 'T352', 4, N'Rooftop', 'Reserved'),
(353, 'T353', 4, N'Main Hall', 'Occupied'),
(354, 'T354', 4, N'Window Side', 'Maintenance'),
(355, 'T355', 2, N'Terrace', 'Available'),
(356, 'T356', 6, N'Private Room', 'Available'),
(357, 'T357', 2, N'Garden', 'Available'),
(358, 'T358', 6, N'Bar Counter', 'Reserved'),
(359, 'T359', 4, N'VIP Room', 'Occupied'),
(360, 'T360', 4, N'Rooftop', 'Maintenance'),
(361, 'T361', 4, N'Main Hall', 'Available'),
(362, 'T362', 6, N'Window Side', 'Available'),
(363, 'T363', 2, N'Terrace', 'Available'),
(364, 'T364', 2, N'Private Room', 'Reserved'),
(365, 'T365', 6, N'Garden', 'Occupied'),
(366, 'T366', 10, N'Bar Counter', 'Maintenance'),
(367, 'T367', 6, N'VIP Room', 'Available'),
(368, 'T368', 10, N'Rooftop', 'Available'),
(369, 'T369', 6, N'Main Hall', 'Available'),
(370, 'T370', 4, N'Window Side', 'Reserved'),
(371, 'T371', 10, N'Terrace', 'Occupied'),
(372, 'T372', 8, N'Private Room', 'Maintenance'),
(373, 'T373', 2, N'Garden', 'Available'),
(374, 'T374', 10, N'Bar Counter', 'Available'),
(375, 'T375', 6, N'VIP Room', 'Available'),
(376, 'T376', 2, N'Rooftop', 'Reserved'),
(377, 'T377', 6, N'Main Hall', 'Occupied'),
(378, 'T378', 4, N'Window Side', 'Maintenance'),
(379, 'T379', 4, N'Terrace', 'Available'),
(380, 'T380', 2, N'Private Room', 'Available'),
(381, 'T381', 2, N'Garden', 'Available'),
(382, 'T382', 2, N'Bar Counter', 'Reserved'),
(383, 'T383', 4, N'VIP Room', 'Occupied'),
(384, 'T384', 10, N'Rooftop', 'Maintenance'),
(385, 'T385', 6, N'Main Hall', 'Available'),
(386, 'T386', 6, N'Window Side', 'Available'),
(387, 'T387', 4, N'Terrace', 'Available'),
(388, 'T388', 6, N'Private Room', 'Reserved'),
(389, 'T389', 8, N'Garden', 'Occupied'),
(390, 'T390', 8, N'Bar Counter', 'Maintenance'),
(391, 'T391', 2, N'VIP Room', 'Available'),
(392, 'T392', 4, N'Rooftop', 'Available'),
(393, 'T393', 4, N'Main Hall', 'Available'),
(394, 'T394', 6, N'Window Side', 'Reserved'),
(395, 'T395', 4, N'Terrace', 'Occupied'),
(396, 'T396', 6, N'Private Room', 'Maintenance'),
(397, 'T397', 2, N'Garden', 'Available'),
(398, 'T398', 6, N'Bar Counter', 'Available'),
(399, 'T399', 6, N'VIP Room', 'Available'),
(400, 'T400', 4, N'Rooftop', 'Reserved'),
(401, 'T401', 2, N'Main Hall', 'Occupied'),
(402, 'T402', 8, N'Window Side', 'Maintenance'),
(403, 'T403', 4, N'Terrace', 'Available'),
(404, 'T404', 6, N'Private Room', 'Available'),
(405, 'T405', 2, N'Garden', 'Available'),
(406, 'T406', 6, N'Bar Counter', 'Reserved'),
(407, 'T407', 4, N'VIP Room', 'Occupied'),
(408, 'T408', 4, N'Rooftop', 'Maintenance'),
(409, 'T409', 4, N'Main Hall', 'Available'),
(410, 'T410', 8, N'Window Side', 'Available'),
(411, 'T411', 2, N'Terrace', 'Available'),
(412, 'T412', 4, N'Private Room', 'Reserved'),
(413, 'T413', 4, N'Garden', 'Occupied'),
(414, 'T414', 4, N'Bar Counter', 'Maintenance'),
(415, 'T415', 8, N'VIP Room', 'Available'),
(416, 'T416', 6, N'Rooftop', 'Available'),
(417, 'T417', 4, N'Main Hall', 'Available'),
(418, 'T418', 6, N'Window Side', 'Reserved'),
(419, 'T419', 2, N'Terrace', 'Occupied'),
(420, 'T420', 4, N'Private Room', 'Maintenance'),
(421, 'T421', 8, N'Garden', 'Available'),
(422, 'T422', 4, N'Bar Counter', 'Available'),
(423, 'T423', 6, N'VIP Room', 'Available'),
(424, 'T424', 8, N'Rooftop', 'Reserved'),
(425, 'T425', 10, N'Main Hall', 'Occupied'),
(426, 'T426', 6, N'Window Side', 'Maintenance'),
(427, 'T427', 2, N'Terrace', 'Available'),
(428, 'T428', 10, N'Private Room', 'Available'),
(429, 'T429', 4, N'Garden', 'Available'),
(430, 'T430', 2, N'Bar Counter', 'Reserved'),
(431, 'T431', 4, N'VIP Room', 'Occupied'),
(432, 'T432', 10, N'Rooftop', 'Maintenance'),
(433, 'T433', 6, N'Main Hall', 'Available'),
(434, 'T434', 4, N'Window Side', 'Available'),
(435, 'T435', 10, N'Terrace', 'Available'),
(436, 'T436', 2, N'Private Room', 'Reserved'),
(437, 'T437', 4, N'Garden', 'Occupied'),
(438, 'T438', 4, N'Bar Counter', 'Maintenance'),
(439, 'T439', 4, N'VIP Room', 'Available'),
(440, 'T440', 2, N'Rooftop', 'Available'),
(441, 'T441', 4, N'Main Hall', 'Available'),
(442, 'T442', 2, N'Window Side', 'Reserved'),
(443, 'T443', 8, N'Terrace', 'Occupied'),
(444, 'T444', 2, N'Private Room', 'Maintenance'),
(445, 'T445', 6, N'Garden', 'Available'),
(446, 'T446', 4, N'Bar Counter', 'Available'),
(447, 'T447', 4, N'VIP Room', 'Available'),
(448, 'T448', 6, N'Rooftop', 'Reserved'),
(449, 'T449', 8, N'Main Hall', 'Occupied'),
(450, 'T450', 10, N'Window Side', 'Maintenance'),
(451, 'T451', 6, N'Terrace', 'Available'),
(452, 'T452', 2, N'Private Room', 'Available'),
(453, 'T453', 2, N'Garden', 'Available'),
(454, 'T454', 4, N'Bar Counter', 'Reserved'),
(455, 'T455', 6, N'VIP Room', 'Occupied'),
(456, 'T456', 8, N'Rooftop', 'Maintenance'),
(457, 'T457', 8, N'Main Hall', 'Available'),
(458, 'T458', 4, N'Window Side', 'Available'),
(459, 'T459', 8, N'Terrace', 'Available'),
(460, 'T460', 10, N'Private Room', 'Reserved'),
(461, 'T461', 6, N'Garden', 'Occupied'),
(462, 'T462', 6, N'Bar Counter', 'Maintenance'),
(463, 'T463', 4, N'VIP Room', 'Available'),
(464, 'T464', 4, N'Rooftop', 'Available'),
(465, 'T465', 2, N'Main Hall', 'Available'),
(466, 'T466', 4, N'Window Side', 'Reserved'),
(467, 'T467', 2, N'Terrace', 'Occupied'),
(468, 'T468', 6, N'Private Room', 'Maintenance'),
(469, 'T469', 2, N'Garden', 'Available'),
(470, 'T470', 4, N'Bar Counter', 'Available'),
(471, 'T471', 4, N'VIP Room', 'Available'),
(472, 'T472', 4, N'Rooftop', 'Reserved'),
(473, 'T473', 4, N'Main Hall', 'Occupied'),
(474, 'T474', 4, N'Window Side', 'Maintenance'),
(475, 'T475', 4, N'Terrace', 'Available'),
(476, 'T476', 6, N'Private Room', 'Available'),
(477, 'T477', 10, N'Garden', 'Available'),
(478, 'T478', 2, N'Bar Counter', 'Reserved'),
(479, 'T479', 2, N'VIP Room', 'Occupied'),
(480, 'T480', 8, N'Rooftop', 'Maintenance'),
(481, 'T481', 4, N'Main Hall', 'Available'),
(482, 'T482', 4, N'Window Side', 'Available'),
(483, 'T483', 2, N'Terrace', 'Available'),
(484, 'T484', 4, N'Private Room', 'Reserved'),
(485, 'T485', 4, N'Garden', 'Occupied'),
(486, 'T486', 4, N'Bar Counter', 'Maintenance'),
(487, 'T487', 4, N'VIP Room', 'Available'),
(488, 'T488', 6, N'Rooftop', 'Available'),
(489, 'T489', 6, N'Main Hall', 'Available'),
(490, 'T490', 6, N'Window Side', 'Reserved'),
(491, 'T491', 8, N'Terrace', 'Occupied'),
(492, 'T492', 4, N'Private Room', 'Maintenance'),
(493, 'T493', 4, N'Garden', 'Available'),
(494, 'T494', 8, N'Bar Counter', 'Available'),
(495, 'T495', 4, N'VIP Room', 'Available'),
(496, 'T496', 10, N'Rooftop', 'Reserved'),
(497, 'T497', 6, N'Main Hall', 'Occupied'),
(498, 'T498', 2, N'Window Side', 'Maintenance'),
(499, 'T499', 2, N'Terrace', 'Available'),
(500, 'T500', 10, N'Private Room', 'Available'),
(501, 'T501', 6, N'Garden', 'Available'),
(502, 'T502', 10, N'Bar Counter', 'Reserved'),
(503, 'T503', 4, N'VIP Room', 'Occupied'),
(504, 'T504', 4, N'Rooftop', 'Maintenance'),
(505, 'T505', 2, N'Main Hall', 'Available'),
(506, 'T506', 8, N'Window Side', 'Available'),
(507, 'T507', 2, N'Terrace', 'Available'),
(508, 'T508', 6, N'Private Room', 'Reserved'),
(509, 'T509', 4, N'Garden', 'Occupied'),
(510, 'T510', 6, N'Bar Counter', 'Maintenance');

-- ─────────────────────────────────────────────
-- 5. Reservations (510 rows)
-- ─────────────────────────────────────────────
TRUNCATE TABLE Reservations;
INSERT INTO Reservations (ReservationID, CustomerID, TableID, ReservationDate, ReservationTime, GuestCount, Status, Notes) VALUES
(1, 442, 142, '2026-03-08', '20:30:00', 4, 'Confirmed', N'Họp mặt gia đình'),
(2, 265, 392, '2026-03-03', '11:45:00', 6, 'Confirmed', NULL),
(3, 72, 370, '2026-01-07', '20:45:00', 5, 'Confirmed', N'Yêu cầu bàn cửa sổ'),
(4, 465, 215, '2026-04-14', '18:00:00', 10, 'Pending', NULL),
(5, 510, 293, '2026-02-18', '13:15:00', 9, 'Seated', NULL),
(6, 402, 244, '2026-06-21', '13:30:00', 3, 'Cancelled', NULL),
(7, 337, 449, '2026-05-23', '12:30:00', 2, 'NoShow', N'Họp nhóm dự án'),
(8, 66, 380, '2026-03-08', '20:15:00', 6, 'Confirmed', NULL),
(9, 46, 114, '2026-04-01', '12:30:00', 7, 'Confirmed', NULL),
(10, 455, 170, '2026-04-06', '13:30:00', 8, 'Confirmed', NULL),
(11, 61, 241, '2026-01-14', '21:00:00', 8, 'Pending', N'Tiệc công ty'),
(12, 257, 62, '2026-06-24', '18:30:00', 7, 'Seated', N'Sinh nhật khách hàng'),
(13, 446, 438, '2026-02-08', '12:15:00', 6, 'Cancelled', N'Đặt thêm bánh kem'),
(14, 506, 292, '2026-04-28', '12:30:00', 3, 'NoShow', NULL),
(15, 42, 250, '2026-03-27', '20:15:00', 6, 'Confirmed', NULL),
(16, 30, 3, '2026-04-26', '13:15:00', 3, 'Confirmed', N'Tiệc tất niên'),
(17, 392, 82, '2026-05-06', '21:00:00', 3, 'Confirmed', N'Tiệc tất niên'),
(18, 223, 325, '2026-04-20', '18:45:00', 8, 'Pending', N'Đặt thêm bánh kem'),
(19, 3, 20, '2026-05-17', '12:30:00', 1, 'Seated', N'Dị ứng hải sản'),
(20, 388, 427, '2026-05-16', '12:00:00', 1, 'Cancelled', NULL),
(21, 376, 128, '2026-02-27', '20:30:00', 5, 'NoShow', N'Họp mặt gia đình'),
(22, 53, 197, '2026-05-09', '19:30:00', 3, 'Confirmed', N'Kỷ niệm ngày cưới'),
(23, 422, 24, '2026-03-18', '13:45:00', 9, 'Confirmed', N'Tiệc tất niên'),
(24, 269, 173, '2026-04-22', '20:15:00', 6, 'Confirmed', N'Họp nhóm dự án'),
(25, 184, 385, '2026-02-18', '12:45:00', 1, 'Pending', N'Tiệc công ty'),
(26, 115, 373, '2026-02-03', '12:00:00', 10, 'Seated', N'Bữa tối lãng mạn'),
(27, 87, 64, '2026-04-04', '20:00:00', 7, 'Cancelled', NULL),
(28, 131, 395, '2026-05-17', '19:00:00', 10, 'NoShow', N'Sinh nhật khách hàng'),
(29, 339, 56, '2026-06-17', '21:00:00', 1, 'Confirmed', NULL),
(30, 60, 214, '2026-04-24', '18:00:00', 9, 'Confirmed', N'Yêu cầu bàn cửa sổ'),
(31, 243, 360, '2026-02-09', '12:00:00', 5, 'Confirmed', N'Đặt thêm bánh kem'),
(32, 339, 52, '2026-06-19', '19:30:00', 10, 'Pending', N'Tiệc tất niên'),
(33, 359, 71, '2026-04-18', '21:00:00', 9, 'Seated', NULL),
(34, 317, 61, '2026-03-14', '11:00:00', 8, 'Cancelled', N'Tiệc công ty'),
(35, 312, 103, '2026-03-09', '21:15:00', 6, 'NoShow', NULL),
(36, 210, 152, '2026-02-11', '11:45:00', 4, 'Confirmed', NULL),
(37, 478, 247, '2026-03-26', '12:00:00', 1, 'Confirmed', NULL),
(38, 46, 465, '2026-01-29', '21:45:00', 3, 'Confirmed', N'Kỷ niệm ngày cưới'),
(39, 400, 262, '2026-01-20', '20:00:00', 5, 'Pending', NULL),
(40, 119, 234, '2026-03-17', '13:45:00', 1, 'Seated', N'Kỷ niệm ngày cưới'),
(41, 417, 90, '2026-01-11', '21:30:00', 6, 'Cancelled', NULL),
(42, 347, 161, '2026-04-20', '20:00:00', 2, 'NoShow', NULL),
(43, 389, 456, '2026-01-12', '11:15:00', 3, 'Confirmed', N'Dị ứng hải sản'),
(44, 184, 458, '2026-04-23', '19:30:00', 2, 'Confirmed', N'Dị ứng hải sản'),
(45, 418, 176, '2026-02-16', '11:45:00', 7, 'Confirmed', N'Họp nhóm dự án'),
(46, 140, 428, '2026-04-09', '20:45:00', 7, 'Pending', NULL),
(47, 454, 409, '2026-02-12', '11:15:00', 1, 'Seated', NULL),
(48, 82, 54, '2026-04-17', '19:45:00', 10, 'Cancelled', NULL),
(49, 225, 93, '2026-06-06', '18:30:00', 10, 'NoShow', N'Sinh nhật khách hàng'),
(50, 442, 351, '2026-02-03', '18:45:00', 2, 'Confirmed', N'Đặt thêm bánh kem'),
(51, 226, 24, '2026-01-17', '13:30:00', 1, 'Confirmed', NULL),
(52, 445, 348, '2026-05-15', '21:15:00', 6, 'Confirmed', N'Bữa tối lãng mạn'),
(53, 268, 353, '2026-06-29', '19:00:00', 7, 'Pending', NULL),
(54, 373, 128, '2026-05-04', '13:45:00', 3, 'Seated', NULL),
(55, 424, 286, '2026-06-06', '11:00:00', 3, 'Cancelled', N'Bữa tối lãng mạn'),
(56, 435, 241, '2026-05-07', '21:15:00', 2, 'NoShow', NULL),
(57, 252, 165, '2026-03-03', '13:30:00', 1, 'Confirmed', N'Bữa tối lãng mạn'),
(58, 115, 282, '2026-06-14', '18:45:00', 4, 'Confirmed', N'Kỷ niệm ngày cưới'),
(59, 236, 228, '2026-05-27', '18:00:00', 8, 'Confirmed', N'Họp nhóm dự án'),
(60, 162, 61, '2026-05-08', '20:00:00', 2, 'Pending', N'Đặt thêm bánh kem'),
(61, 212, 19, '2026-05-23', '19:00:00', 2, 'Seated', NULL),
(62, 310, 494, '2026-06-08', '20:30:00', 9, 'Cancelled', N'Bữa tối lãng mạn'),
(63, 106, 336, '2026-06-21', '18:30:00', 6, 'NoShow', NULL),
(64, 28, 419, '2026-02-27', '21:45:00', 6, 'Confirmed', N'Bữa tối lãng mạn'),
(65, 393, 318, '2026-06-03', '18:30:00', 8, 'Confirmed', N'Kỷ niệm ngày cưới'),
(66, 50, 389, '2026-06-18', '12:00:00', 6, 'Confirmed', N'Dị ứng hải sản'),
(67, 425, 325, '2026-03-16', '19:30:00', 2, 'Pending', N'Sinh nhật khách hàng'),
(68, 460, 85, '2026-05-07', '12:45:00', 2, 'Seated', N'Yêu cầu bàn cửa sổ'),
(69, 313, 101, '2026-02-18', '11:45:00', 4, 'Cancelled', N'Họp nhóm dự án'),
(70, 423, 401, '2026-02-18', '20:30:00', 2, 'NoShow', NULL),
(71, 213, 24, '2026-06-12', '21:00:00', 8, 'Confirmed', N'Họp nhóm dự án'),
(72, 338, 302, '2026-05-10', '12:45:00', 1, 'Confirmed', N'Bữa tối lãng mạn'),
(73, 377, 25, '2026-05-22', '18:45:00', 9, 'Confirmed', NULL),
(74, 472, 467, '2026-02-15', '20:15:00', 3, 'Pending', N'Kỷ niệm ngày cưới'),
(75, 199, 337, '2026-06-03', '19:30:00', 9, 'Seated', N'Đặt thêm bánh kem'),
(76, 215, 502, '2026-06-05', '20:15:00', 5, 'Cancelled', N'Đặt thêm bánh kem'),
(77, 494, 176, '2026-03-17', '18:15:00', 3, 'NoShow', N'Đặt thêm bánh kem'),
(78, 309, 359, '2026-05-12', '13:30:00', 9, 'Confirmed', NULL),
(79, 112, 103, '2026-02-23', '19:30:00', 6, 'Confirmed', NULL),
(80, 68, 503, '2026-06-16', '12:30:00', 2, 'Confirmed', NULL),
(81, 181, 288, '2026-05-03', '19:45:00', 9, 'Pending', N'Yêu cầu bàn cửa sổ'),
(82, 450, 434, '2026-04-19', '21:00:00', 9, 'Seated', N'Kỷ niệm ngày cưới'),
(83, 13, 196, '2026-02-07', '11:00:00', 4, 'Cancelled', N'Yêu cầu bàn cửa sổ'),
(84, 385, 403, '2026-02-11', '13:30:00', 3, 'NoShow', NULL),
(85, 32, 354, '2026-03-17', '12:00:00', 6, 'Confirmed', NULL),
(86, 232, 53, '2026-06-07', '21:15:00', 9, 'Confirmed', N'Đặt thêm bánh kem'),
(87, 122, 262, '2026-06-28', '13:00:00', 7, 'Confirmed', N'Đặt thêm bánh kem'),
(88, 214, 490, '2026-06-25', '13:00:00', 1, 'Pending', NULL),
(89, 129, 104, '2026-06-08', '21:45:00', 4, 'Seated', NULL),
(90, 361, 364, '2026-06-15', '13:15:00', 4, 'Cancelled', N'Yêu cầu bàn cửa sổ'),
(91, 230, 91, '2026-06-24', '11:15:00', 3, 'NoShow', NULL),
(92, 264, 62, '2026-04-07', '11:45:00', 5, 'Confirmed', N'Bữa tối lãng mạn'),
(93, 136, 67, '2026-02-11', '19:30:00', 1, 'Confirmed', N'Dị ứng hải sản'),
(94, 239, 364, '2026-02-09', '11:15:00', 6, 'Confirmed', N'Tiệc tất niên'),
(95, 27, 397, '2026-06-10', '19:30:00', 8, 'Pending', NULL),
(96, 294, 282, '2026-04-02', '11:30:00', 9, 'Seated', N'Tiệc công ty'),
(97, 490, 95, '2026-05-14', '11:15:00', 7, 'Cancelled', N'Bữa tối lãng mạn'),
(98, 275, 207, '2026-01-24', '13:15:00', 4, 'NoShow', NULL),
(99, 170, 170, '2026-04-03', '13:15:00', 10, 'Confirmed', N'Bữa tối lãng mạn'),
(100, 244, 288, '2026-06-16', '11:00:00', 6, 'Confirmed', N'Họp nhóm dự án'),
(101, 124, 464, '2026-06-14', '19:15:00', 1, 'Confirmed', NULL),
(102, 454, 165, '2026-04-08', '21:00:00', 7, 'Pending', N'Yêu cầu bàn cửa sổ'),
(103, 277, 371, '2026-03-14', '11:30:00', 9, 'Seated', NULL),
(104, 261, 229, '2026-05-05', '11:30:00', 4, 'Cancelled', N'Dị ứng hải sản'),
(105, 264, 43, '2026-01-25', '12:00:00', 2, 'NoShow', N'Tiệc công ty'),
(106, 344, 323, '2026-02-24', '21:45:00', 2, 'Confirmed', N'Tiệc công ty'),
(107, 276, 425, '2026-06-29', '20:45:00', 2, 'Confirmed', NULL),
(108, 352, 79, '2026-01-07', '18:30:00', 1, 'Confirmed', N'Kỷ niệm ngày cưới'),
(109, 38, 28, '2026-02-15', '21:30:00', 9, 'Pending', N'Kỷ niệm ngày cưới'),
(110, 295, 421, '2026-02-28', '13:45:00', 7, 'Seated', N'Họp nhóm dự án'),
(111, 323, 208, '2026-04-21', '13:00:00', 7, 'Cancelled', NULL),
(112, 61, 274, '2026-01-02', '20:00:00', 10, 'NoShow', N'Sinh nhật khách hàng'),
(113, 359, 435, '2026-01-19', '13:00:00', 5, 'Confirmed', NULL),
(114, 352, 155, '2026-06-05', '11:30:00', 8, 'Confirmed', N'Đặt thêm bánh kem'),
(115, 203, 421, '2026-06-19', '11:45:00', 3, 'Confirmed', N'Bữa tối lãng mạn'),
(116, 113, 70, '2026-04-11', '21:30:00', 3, 'Pending', N'Yêu cầu bàn cửa sổ'),
(117, 347, 455, '2026-06-15', '13:00:00', 9, 'Seated', NULL),
(118, 285, 73, '2026-02-01', '11:00:00', 10, 'Cancelled', N'Tiệc tất niên'),
(119, 202, 276, '2026-05-21', '11:30:00', 4, 'NoShow', NULL),
(120, 380, 463, '2026-03-30', '12:45:00', 9, 'Confirmed', N'Họp mặt gia đình'),
(121, 83, 95, '2026-02-26', '19:30:00', 4, 'Confirmed', N'Kỷ niệm ngày cưới'),
(122, 93, 344, '2026-05-26', '21:00:00', 9, 'Confirmed', N'Họp nhóm dự án'),
(123, 331, 282, '2026-01-19', '13:00:00', 5, 'Pending', N'Kỷ niệm ngày cưới'),
(124, 102, 372, '2026-05-29', '18:30:00', 6, 'Seated', N'Họp mặt gia đình'),
(125, 344, 336, '2026-03-02', '11:30:00', 10, 'Cancelled', N'Kỷ niệm ngày cưới'),
(126, 461, 100, '2026-03-23', '18:45:00', 6, 'NoShow', N'Tiệc tất niên'),
(127, 338, 157, '2026-06-27', '19:15:00', 10, 'Confirmed', N'Tiệc tất niên'),
(128, 187, 414, '2026-03-22', '18:15:00', 1, 'Confirmed', N'Dị ứng hải sản'),
(129, 127, 403, '2026-02-26', '20:45:00', 5, 'Confirmed', NULL),
(130, 185, 69, '2026-06-23', '20:30:00', 8, 'Pending', N'Họp nhóm dự án'),
(131, 229, 184, '2026-03-20', '18:00:00', 3, 'Seated', NULL),
(132, 311, 42, '2026-03-13', '21:15:00', 9, 'Cancelled', N'Tiệc công ty'),
(133, 135, 376, '2026-06-10', '11:00:00', 1, 'NoShow', NULL),
(134, 260, 324, '2026-01-08', '21:45:00', 10, 'Confirmed', N'Tiệc công ty'),
(135, 465, 19, '2026-05-22', '13:45:00', 3, 'Confirmed', N'Dị ứng hải sản'),
(136, 201, 115, '2026-05-31', '20:30:00', 3, 'Confirmed', N'Họp nhóm dự án'),
(137, 257, 262, '2026-01-24', '18:30:00', 9, 'Pending', N'Sinh nhật khách hàng'),
(138, 340, 123, '2026-06-07', '20:15:00', 9, 'Seated', N'Họp mặt gia đình'),
(139, 229, 82, '2026-02-15', '19:15:00', 8, 'Cancelled', N'Dị ứng hải sản'),
(140, 21, 113, '2026-05-05', '12:00:00', 5, 'NoShow', N'Dị ứng hải sản'),
(141, 120, 22, '2026-06-21', '12:30:00', 7, 'Confirmed', N'Họp nhóm dự án'),
(142, 470, 233, '2026-01-12', '11:30:00', 2, 'Confirmed', NULL),
(143, 496, 267, '2026-06-12', '21:30:00', 5, 'Confirmed', N'Tiệc tất niên'),
(144, 279, 292, '2026-02-14', '18:45:00', 6, 'Pending', N'Tiệc tất niên'),
(145, 335, 460, '2026-01-20', '19:30:00', 7, 'Seated', N'Tiệc công ty'),
(146, 265, 208, '2026-04-01', '21:30:00', 8, 'Cancelled', NULL),
(147, 247, 455, '2026-06-04', '11:15:00', 8, 'NoShow', N'Họp mặt gia đình'),
(148, 118, 40, '2026-05-12', '20:30:00', 4, 'Confirmed', N'Họp mặt gia đình'),
(149, 96, 81, '2026-04-03', '19:00:00', 4, 'Confirmed', N'Đặt thêm bánh kem'),
(150, 416, 170, '2026-01-30', '18:45:00', 8, 'Confirmed', N'Tiệc công ty'),
(151, 303, 83, '2026-06-15', '21:45:00', 1, 'Pending', N'Tiệc công ty'),
(152, 23, 66, '2026-05-27', '19:15:00', 3, 'Seated', NULL),
(153, 263, 21, '2026-05-27', '12:00:00', 3, 'Cancelled', N'Yêu cầu bàn cửa sổ'),
(154, 473, 93, '2026-05-13', '18:00:00', 5, 'NoShow', N'Kỷ niệm ngày cưới'),
(155, 111, 230, '2026-06-05', '18:45:00', 3, 'Confirmed', N'Tiệc công ty'),
(156, 426, 211, '2026-06-03', '12:15:00', 10, 'Confirmed', NULL),
(157, 262, 136, '2026-02-12', '20:30:00', 8, 'Confirmed', N'Tiệc tất niên'),
(158, 303, 36, '2026-02-28', '18:45:00', 3, 'Pending', N'Kỷ niệm ngày cưới'),
(159, 9, 104, '2026-05-14', '21:45:00', 3, 'Seated', N'Tiệc tất niên'),
(160, 50, 91, '2026-05-02', '19:00:00', 9, 'Cancelled', N'Bữa tối lãng mạn'),
(161, 386, 61, '2026-01-24', '18:15:00', 10, 'NoShow', N'Bữa tối lãng mạn'),
(162, 424, 1, '2026-06-23', '20:45:00', 9, 'Confirmed', N'Đặt thêm bánh kem'),
(163, 190, 448, '2026-01-12', '20:45:00', 4, 'Confirmed', NULL),
(164, 247, 405, '2026-04-08', '13:00:00', 7, 'Confirmed', N'Họp mặt gia đình'),
(165, 131, 245, '2026-03-01', '21:00:00', 5, 'Pending', N'Tiệc tất niên'),
(166, 449, 279, '2026-04-15', '13:15:00', 1, 'Seated', NULL),
(167, 381, 405, '2026-01-02', '19:00:00', 9, 'Cancelled', N'Sinh nhật khách hàng'),
(168, 193, 336, '2026-02-22', '20:30:00', 7, 'NoShow', N'Dị ứng hải sản'),
(169, 55, 80, '2026-04-20', '20:30:00', 5, 'Confirmed', NULL),
(170, 275, 217, '2026-05-25', '13:30:00', 7, 'Confirmed', NULL),
(171, 105, 212, '2026-05-22', '21:45:00', 3, 'Confirmed', N'Dị ứng hải sản'),
(172, 287, 285, '2026-05-04', '13:30:00', 10, 'Pending', N'Dị ứng hải sản'),
(173, 397, 362, '2026-04-12', '20:15:00', 2, 'Seated', NULL),
(174, 118, 229, '2026-06-29', '12:00:00', 4, 'Cancelled', N'Bữa tối lãng mạn'),
(175, 206, 403, '2026-03-28', '21:00:00', 3, 'NoShow', N'Đặt thêm bánh kem'),
(176, 494, 326, '2026-01-02', '21:00:00', 3, 'Confirmed', N'Họp nhóm dự án'),
(177, 475, 308, '2026-04-22', '11:00:00', 5, 'Confirmed', N'Tiệc công ty'),
(178, 190, 41, '2026-06-05', '11:45:00', 7, 'Confirmed', N'Tiệc tất niên'),
(179, 336, 267, '2026-03-15', '20:00:00', 3, 'Pending', NULL),
(180, 254, 225, '2026-01-03', '12:30:00', 4, 'Seated', N'Sinh nhật khách hàng'),
(181, 402, 307, '2026-05-11', '19:15:00', 10, 'Cancelled', N'Họp mặt gia đình'),
(182, 346, 19, '2026-04-03', '12:00:00', 3, 'NoShow', N'Kỷ niệm ngày cưới'),
(183, 142, 400, '2026-04-13', '13:45:00', 7, 'Confirmed', N'Tiệc tất niên'),
(184, 103, 266, '2026-01-04', '20:00:00', 2, 'Confirmed', N'Bữa tối lãng mạn'),
(185, 146, 372, '2026-05-24', '19:30:00', 6, 'Confirmed', NULL),
(186, 142, 116, '2026-06-05', '12:45:00', 7, 'Pending', N'Tiệc tất niên'),
(187, 3, 134, '2026-02-14', '18:00:00', 9, 'Seated', N'Kỷ niệm ngày cưới'),
(188, 258, 151, '2026-03-29', '11:30:00', 9, 'Cancelled', NULL),
(189, 407, 295, '2026-03-06', '20:45:00', 7, 'NoShow', N'Tiệc tất niên'),
(190, 248, 395, '2026-03-04', '21:30:00', 8, 'Confirmed', NULL),
(191, 236, 460, '2026-05-31', '21:00:00', 8, 'Confirmed', N'Kỷ niệm ngày cưới'),
(192, 133, 35, '2026-04-08', '20:15:00', 4, 'Confirmed', NULL),
(193, 162, 212, '2026-04-01', '19:00:00', 5, 'Pending', N'Tiệc công ty'),
(194, 148, 48, '2026-04-13', '20:30:00', 2, 'Seated', N'Bữa tối lãng mạn'),
(195, 477, 92, '2026-05-02', '13:30:00', 4, 'Cancelled', N'Tiệc tất niên'),
(196, 138, 94, '2026-06-24', '12:45:00', 4, 'NoShow', N'Tiệc công ty'),
(197, 377, 124, '2026-03-09', '12:15:00', 4, 'Confirmed', NULL),
(198, 128, 429, '2026-06-08', '13:15:00', 2, 'Confirmed', N'Kỷ niệm ngày cưới'),
(199, 472, 41, '2026-06-23', '20:45:00', 10, 'Confirmed', N'Sinh nhật khách hàng'),
(200, 392, 439, '2026-05-19', '11:45:00', 6, 'Pending', N'Tiệc tất niên'),
(201, 162, 253, '2026-05-28', '21:30:00', 8, 'Seated', N'Họp mặt gia đình'),
(202, 505, 392, '2026-05-11', '13:45:00', 4, 'Cancelled', NULL),
(203, 296, 66, '2026-01-14', '19:45:00', 8, 'NoShow', N'Bữa tối lãng mạn'),
(204, 17, 258, '2026-03-30', '18:15:00', 8, 'Confirmed', N'Kỷ niệm ngày cưới'),
(205, 358, 266, '2026-04-28', '13:00:00', 1, 'Confirmed', NULL),
(206, 108, 195, '2026-05-29', '11:30:00', 6, 'Confirmed', N'Tiệc tất niên'),
(207, 442, 133, '2026-02-17', '19:30:00', 4, 'Pending', N'Yêu cầu bàn cửa sổ'),
(208, 242, 491, '2026-06-06', '13:30:00', 3, 'Seated', N'Họp nhóm dự án'),
(209, 218, 108, '2026-04-18', '20:30:00', 6, 'Cancelled', NULL),
(210, 206, 144, '2026-04-26', '12:15:00', 10, 'NoShow', NULL),
(211, 118, 417, '2026-01-26', '20:30:00', 4, 'Confirmed', N'Bữa tối lãng mạn'),
(212, 222, 439, '2026-04-08', '12:15:00', 3, 'Confirmed', N'Họp nhóm dự án'),
(213, 413, 5, '2026-02-15', '18:45:00', 3, 'Confirmed', NULL),
(214, 323, 265, '2026-05-17', '20:30:00', 8, 'Pending', N'Yêu cầu bàn cửa sổ'),
(215, 129, 288, '2026-05-26', '11:45:00', 2, 'Seated', NULL),
(216, 84, 31, '2026-02-25', '21:30:00', 8, 'Cancelled', NULL),
(217, 323, 50, '2026-04-26', '20:30:00', 5, 'NoShow', N'Dị ứng hải sản'),
(218, 185, 287, '2026-05-23', '21:30:00', 6, 'Confirmed', N'Sinh nhật khách hàng'),
(219, 211, 63, '2026-03-31', '21:15:00', 10, 'Confirmed', N'Tiệc tất niên'),
(220, 333, 333, '2026-05-18', '12:30:00', 6, 'Confirmed', N'Dị ứng hải sản'),
(221, 345, 262, '2026-05-05', '21:45:00', 2, 'Pending', N'Đặt thêm bánh kem'),
(222, 315, 147, '2026-04-29', '20:15:00', 3, 'Seated', NULL),
(223, 414, 476, '2026-03-28', '18:45:00', 2, 'Cancelled', N'Kỷ niệm ngày cưới'),
(224, 83, 176, '2026-02-28', '13:30:00', 5, 'NoShow', NULL),
(225, 137, 310, '2026-06-15', '18:30:00', 8, 'Confirmed', NULL),
(226, 442, 481, '2026-04-03', '20:45:00', 7, 'Confirmed', N'Họp mặt gia đình'),
(227, 95, 438, '2026-01-06', '12:15:00', 5, 'Confirmed', NULL),
(228, 359, 384, '2026-01-21', '12:15:00', 7, 'Pending', N'Kỷ niệm ngày cưới'),
(229, 49, 33, '2026-05-02', '19:00:00', 1, 'Seated', NULL),
(230, 204, 269, '2026-01-22', '11:30:00', 10, 'Cancelled', N'Họp mặt gia đình'),
(231, 44, 336, '2026-04-10', '13:15:00', 4, 'NoShow', NULL),
(232, 146, 227, '2026-06-10', '12:15:00', 9, 'Confirmed', NULL),
(233, 88, 15, '2026-01-09', '20:30:00', 6, 'Confirmed', NULL),
(234, 244, 240, '2026-05-19', '13:45:00', 3, 'Confirmed', NULL),
(235, 277, 91, '2026-06-01', '19:45:00', 10, 'Pending', N'Đặt thêm bánh kem'),
(236, 269, 328, '2026-06-13', '19:30:00', 6, 'Seated', N'Họp nhóm dự án'),
(237, 277, 117, '2026-01-23', '18:30:00', 6, 'Cancelled', N'Đặt thêm bánh kem'),
(238, 134, 80, '2026-03-19', '11:00:00', 9, 'NoShow', NULL),
(239, 389, 435, '2026-02-04', '13:30:00', 8, 'Confirmed', N'Bữa tối lãng mạn'),
(240, 5, 353, '2026-05-06', '21:45:00', 5, 'Confirmed', N'Sinh nhật khách hàng'),
(241, 393, 221, '2026-03-16', '19:15:00', 1, 'Confirmed', N'Bữa tối lãng mạn'),
(242, 192, 97, '2026-04-16', '19:45:00', 7, 'Pending', N'Tiệc công ty'),
(243, 84, 367, '2026-06-15', '18:45:00', 4, 'Seated', N'Yêu cầu bàn cửa sổ'),
(244, 41, 217, '2026-06-10', '12:30:00', 5, 'Cancelled', NULL),
(245, 381, 273, '2026-03-10', '18:15:00', 2, 'NoShow', N'Họp mặt gia đình'),
(246, 70, 149, '2026-01-29', '20:45:00', 10, 'Confirmed', N'Họp nhóm dự án'),
(247, 140, 359, '2026-06-09', '18:15:00', 6, 'Confirmed', N'Sinh nhật khách hàng'),
(248, 78, 26, '2026-05-17', '11:15:00', 2, 'Confirmed', N'Yêu cầu bàn cửa sổ'),
(249, 138, 65, '2026-04-23', '20:00:00', 4, 'Pending', N'Kỷ niệm ngày cưới'),
(250, 78, 8, '2026-05-07', '12:30:00', 7, 'Seated', N'Yêu cầu bàn cửa sổ'),
(251, 403, 410, '2026-05-08', '13:45:00', 1, 'Cancelled', N'Dị ứng hải sản'),
(252, 42, 432, '2026-02-07', '11:30:00', 7, 'NoShow', N'Kỷ niệm ngày cưới'),
(253, 279, 241, '2026-02-16', '12:30:00', 7, 'Confirmed', NULL),
(254, 7, 63, '2026-03-05', '18:45:00', 4, 'Confirmed', NULL),
(255, 510, 18, '2026-02-20', '18:00:00', 9, 'Confirmed', NULL),
(256, 503, 107, '2026-05-02', '18:30:00', 6, 'Pending', N'Họp mặt gia đình'),
(257, 323, 373, '2026-01-11', '20:00:00', 5, 'Seated', N'Họp nhóm dự án'),
(258, 327, 153, '2026-02-20', '13:00:00', 4, 'Cancelled', N'Kỷ niệm ngày cưới'),
(259, 121, 325, '2026-04-22', '13:00:00', 3, 'NoShow', NULL),
(260, 142, 300, '2026-01-31', '18:15:00', 1, 'Confirmed', N'Sinh nhật khách hàng'),
(261, 298, 402, '2026-06-26', '18:15:00', 6, 'Confirmed', NULL),
(262, 46, 128, '2026-02-10', '18:00:00', 10, 'Confirmed', N'Dị ứng hải sản'),
(263, 477, 497, '2026-06-10', '11:00:00', 6, 'Pending', NULL),
(264, 79, 360, '2026-05-18', '21:00:00', 3, 'Seated', N'Họp nhóm dự án'),
(265, 120, 163, '2026-05-23', '21:30:00', 8, 'Cancelled', NULL),
(266, 99, 11, '2026-06-26', '18:30:00', 3, 'NoShow', N'Yêu cầu bàn cửa sổ'),
(267, 461, 21, '2026-05-05', '20:45:00', 9, 'Confirmed', N'Yêu cầu bàn cửa sổ'),
(268, 278, 357, '2026-05-06', '12:15:00', 9, 'Confirmed', N'Dị ứng hải sản'),
(269, 166, 375, '2026-04-30', '13:15:00', 2, 'Confirmed', N'Bữa tối lãng mạn'),
(270, 80, 231, '2026-03-17', '21:30:00', 9, 'Pending', N'Dị ứng hải sản'),
(271, 233, 1, '2026-06-13', '19:45:00', 3, 'Seated', N'Sinh nhật khách hàng'),
(272, 318, 439, '2026-04-04', '21:15:00', 6, 'Cancelled', NULL),
(273, 33, 338, '2026-05-18', '21:45:00', 4, 'NoShow', N'Bữa tối lãng mạn'),
(274, 350, 255, '2026-05-22', '12:30:00', 6, 'Confirmed', N'Đặt thêm bánh kem'),
(275, 329, 165, '2026-01-29', '11:00:00', 1, 'Confirmed', NULL),
(276, 481, 67, '2026-02-15', '21:00:00', 4, 'Confirmed', N'Kỷ niệm ngày cưới'),
(277, 249, 99, '2026-01-26', '11:45:00', 8, 'Pending', N'Bữa tối lãng mạn'),
(278, 320, 360, '2026-06-01', '13:00:00', 6, 'Seated', N'Tiệc công ty'),
(279, 311, 368, '2026-01-19', '11:15:00', 8, 'Cancelled', NULL),
(280, 41, 240, '2026-06-13', '11:30:00', 9, 'NoShow', NULL),
(281, 481, 456, '2026-04-17', '21:30:00', 1, 'Confirmed', NULL),
(282, 316, 137, '2026-05-16', '11:00:00', 5, 'Confirmed', N'Kỷ niệm ngày cưới'),
(283, 484, 111, '2026-05-13', '11:00:00', 4, 'Confirmed', N'Bữa tối lãng mạn'),
(284, 198, 98, '2026-02-19', '19:15:00', 10, 'Pending', NULL),
(285, 486, 92, '2026-05-23', '20:45:00', 2, 'Seated', NULL),
(286, 327, 296, '2026-04-02', '20:45:00', 7, 'Cancelled', N'Kỷ niệm ngày cưới'),
(287, 86, 406, '2026-02-16', '19:45:00', 9, 'NoShow', N'Dị ứng hải sản'),
(288, 337, 81, '2026-05-17', '19:45:00', 6, 'Confirmed', N'Dị ứng hải sản'),
(289, 282, 508, '2026-03-25', '21:30:00', 7, 'Confirmed', NULL),
(290, 325, 221, '2026-03-24', '19:15:00', 10, 'Confirmed', N'Bữa tối lãng mạn'),
(291, 110, 193, '2026-05-21', '20:30:00', 6, 'Pending', N'Họp nhóm dự án'),
(292, 230, 492, '2026-04-12', '11:00:00', 5, 'Seated', N'Tiệc tất niên'),
(293, 9, 266, '2026-02-04', '13:00:00', 5, 'Cancelled', N'Tiệc công ty'),
(294, 110, 439, '2026-03-22', '11:30:00', 9, 'NoShow', N'Bữa tối lãng mạn'),
(295, 285, 293, '2026-05-27', '12:00:00', 1, 'Confirmed', N'Họp nhóm dự án'),
(296, 183, 80, '2026-02-05', '13:30:00', 10, 'Confirmed', N'Tiệc công ty'),
(297, 120, 132, '2026-03-18', '11:45:00', 10, 'Confirmed', N'Tiệc công ty'),
(298, 376, 40, '2026-03-25', '21:45:00', 3, 'Pending', N'Họp nhóm dự án'),
(299, 423, 461, '2026-06-26', '20:00:00', 10, 'Seated', NULL),
(300, 154, 20, '2026-05-28', '18:00:00', 1, 'Cancelled', NULL),
(301, 172, 179, '2026-04-22', '18:00:00', 4, 'NoShow', NULL),
(302, 335, 435, '2026-06-04', '11:45:00', 1, 'Confirmed', N'Yêu cầu bàn cửa sổ'),
(303, 269, 22, '2026-03-23', '19:15:00', 6, 'Confirmed', N'Bữa tối lãng mạn'),
(304, 358, 114, '2026-02-09', '11:45:00', 8, 'Confirmed', NULL),
(305, 305, 295, '2026-05-10', '11:15:00', 7, 'Pending', N'Yêu cầu bàn cửa sổ'),
(306, 403, 202, '2026-02-07', '12:30:00', 2, 'Seated', N'Họp nhóm dự án'),
(307, 293, 382, '2026-01-13', '19:45:00', 5, 'Cancelled', N'Kỷ niệm ngày cưới'),
(308, 205, 257, '2026-04-22', '21:15:00', 3, 'NoShow', N'Họp nhóm dự án'),
(309, 287, 102, '2026-05-05', '18:15:00', 9, 'Confirmed', N'Tiệc tất niên'),
(310, 377, 269, '2026-03-05', '12:00:00', 5, 'Confirmed', NULL),
(311, 221, 166, '2026-06-25', '19:00:00', 2, 'Confirmed', NULL),
(312, 212, 217, '2026-04-04', '13:15:00', 6, 'Pending', N'Dị ứng hải sản'),
(313, 305, 336, '2026-01-07', '21:30:00', 3, 'Seated', N'Dị ứng hải sản'),
(314, 316, 421, '2026-04-24', '19:15:00', 8, 'Cancelled', N'Sinh nhật khách hàng'),
(315, 474, 419, '2026-03-01', '12:30:00', 3, 'NoShow', NULL),
(316, 373, 437, '2026-01-22', '11:00:00', 4, 'Confirmed', N'Tiệc tất niên'),
(317, 475, 76, '2026-03-15', '11:30:00', 2, 'Confirmed', N'Yêu cầu bàn cửa sổ'),
(318, 231, 242, '2026-01-06', '13:15:00', 9, 'Confirmed', N'Tiệc công ty'),
(319, 105, 280, '2026-05-14', '21:30:00', 9, 'Pending', N'Họp nhóm dự án'),
(320, 319, 374, '2026-02-06', '20:00:00', 7, 'Seated', N'Tiệc tất niên'),
(321, 464, 340, '2026-05-15', '11:30:00', 3, 'Cancelled', N'Sinh nhật khách hàng'),
(322, 146, 103, '2026-06-28', '19:30:00', 1, 'NoShow', N'Họp nhóm dự án'),
(323, 336, 484, '2026-01-03', '11:45:00', 5, 'Confirmed', NULL),
(324, 437, 468, '2026-06-18', '13:00:00', 1, 'Confirmed', N'Yêu cầu bàn cửa sổ'),
(325, 445, 453, '2026-06-16', '18:15:00', 7, 'Confirmed', N'Bữa tối lãng mạn'),
(326, 501, 364, '2026-01-26', '13:45:00', 10, 'Pending', N'Bữa tối lãng mạn'),
(327, 46, 96, '2026-02-20', '19:45:00', 9, 'Seated', NULL),
(328, 12, 21, '2026-03-05', '19:30:00', 6, 'Cancelled', N'Họp nhóm dự án'),
(329, 202, 382, '2026-02-10', '11:30:00', 6, 'NoShow', N'Dị ứng hải sản'),
(330, 321, 155, '2026-03-02', '19:30:00', 1, 'Confirmed', NULL),
(331, 132, 450, '2026-04-10', '21:00:00', 9, 'Confirmed', N'Yêu cầu bàn cửa sổ'),
(332, 116, 78, '2026-03-29', '18:15:00', 2, 'Confirmed', NULL),
(333, 196, 267, '2026-06-23', '19:15:00', 7, 'Pending', N'Tiệc công ty'),
(334, 294, 79, '2026-04-20', '13:30:00', 8, 'Seated', N'Bữa tối lãng mạn'),
(335, 68, 106, '2026-06-17', '12:15:00', 3, 'Cancelled', N'Yêu cầu bàn cửa sổ'),
(336, 353, 362, '2026-05-15', '12:45:00', 3, 'NoShow', NULL),
(337, 478, 290, '2026-02-10', '13:00:00', 9, 'Confirmed', N'Bữa tối lãng mạn'),
(338, 486, 369, '2026-01-31', '12:30:00', 3, 'Confirmed', NULL),
(339, 16, 392, '2026-03-23', '18:45:00', 5, 'Confirmed', N'Họp nhóm dự án'),
(340, 382, 479, '2026-06-13', '20:30:00', 3, 'Pending', NULL),
(341, 97, 55, '2026-02-03', '12:00:00', 10, 'Seated', N'Tiệc tất niên'),
(342, 137, 311, '2026-05-26', '19:15:00', 10, 'Cancelled', N'Tiệc công ty'),
(343, 119, 352, '2026-01-07', '13:00:00', 8, 'NoShow', N'Họp mặt gia đình'),
(344, 258, 434, '2026-06-04', '18:30:00', 3, 'Confirmed', NULL),
(345, 199, 252, '2026-05-02', '12:15:00', 4, 'Confirmed', N'Tiệc công ty'),
(346, 17, 210, '2026-01-04', '13:45:00', 4, 'Confirmed', NULL),
(347, 344, 506, '2026-02-21', '21:15:00', 2, 'Pending', N'Họp mặt gia đình'),
(348, 475, 489, '2026-04-23', '21:45:00', 6, 'Seated', NULL),
(349, 235, 455, '2026-03-05', '18:45:00', 1, 'Cancelled', N'Tiệc tất niên'),
(350, 377, 423, '2026-04-08', '20:30:00', 7, 'NoShow', N'Tiệc tất niên'),
(351, 481, 381, '2026-05-27', '19:00:00', 9, 'Confirmed', N'Kỷ niệm ngày cưới'),
(352, 232, 234, '2026-01-11', '12:45:00', 1, 'Confirmed', N'Bữa tối lãng mạn'),
(353, 199, 265, '2026-06-11', '11:15:00', 5, 'Confirmed', N'Họp nhóm dự án'),
(354, 204, 453, '2026-03-19', '21:30:00', 8, 'Pending', N'Họp mặt gia đình'),
(355, 217, 151, '2026-06-06', '11:15:00', 8, 'Seated', NULL),
(356, 331, 232, '2026-01-24', '20:00:00', 3, 'Cancelled', NULL),
(357, 300, 481, '2026-06-28', '19:15:00', 7, 'NoShow', N'Đặt thêm bánh kem'),
(358, 166, 231, '2026-01-07', '12:45:00', 10, 'Confirmed', NULL),
(359, 459, 104, '2026-04-27', '11:30:00', 6, 'Confirmed', NULL),
(360, 333, 465, '2026-02-11', '20:00:00', 2, 'Confirmed', N'Kỷ niệm ngày cưới'),
(361, 362, 231, '2026-06-12', '13:00:00', 9, 'Pending', NULL),
(362, 197, 373, '2026-05-11', '19:15:00', 7, 'Seated', N'Bữa tối lãng mạn'),
(363, 195, 23, '2026-02-13', '13:15:00', 3, 'Cancelled', NULL),
(364, 75, 92, '2026-01-14', '18:30:00', 5, 'NoShow', NULL),
(365, 394, 493, '2026-04-25', '13:15:00', 2, 'Confirmed', N'Họp mặt gia đình'),
(366, 492, 104, '2026-01-01', '19:30:00', 1, 'Confirmed', N'Họp nhóm dự án'),
(367, 255, 438, '2026-05-08', '19:00:00', 10, 'Confirmed', N'Họp nhóm dự án'),
(368, 122, 112, '2026-05-31', '20:45:00', 8, 'Pending', N'Đặt thêm bánh kem'),
(369, 227, 41, '2026-06-03', '19:00:00', 4, 'Seated', N'Bữa tối lãng mạn'),
(370, 143, 318, '2026-06-10', '19:15:00', 1, 'Cancelled', N'Họp mặt gia đình'),
(371, 76, 29, '2026-06-17', '13:00:00', 3, 'NoShow', NULL),
(372, 17, 342, '2026-05-28', '21:30:00', 6, 'Confirmed', N'Kỷ niệm ngày cưới'),
(373, 26, 56, '2026-04-17', '12:15:00', 5, 'Confirmed', N'Tiệc tất niên'),
(374, 339, 355, '2026-06-29', '19:15:00', 8, 'Confirmed', NULL),
(375, 297, 185, '2026-01-10', '11:30:00', 6, 'Pending', N'Dị ứng hải sản'),
(376, 460, 195, '2026-01-18', '21:45:00', 9, 'Seated', N'Kỷ niệm ngày cưới'),
(377, 150, 242, '2026-02-04', '11:30:00', 6, 'Cancelled', N'Bữa tối lãng mạn'),
(378, 212, 269, '2026-02-23', '20:15:00', 10, 'NoShow', N'Sinh nhật khách hàng'),
(379, 56, 293, '2026-06-11', '19:00:00', 8, 'Confirmed', NULL),
(380, 353, 310, '2026-03-15', '18:30:00', 5, 'Confirmed', N'Bữa tối lãng mạn'),
(381, 295, 510, '2026-06-09', '13:15:00', 10, 'Confirmed', N'Tiệc tất niên'),
(382, 255, 267, '2026-06-11', '18:45:00', 3, 'Pending', N'Tiệc tất niên'),
(383, 120, 363, '2026-03-16', '12:00:00', 2, 'Seated', N'Sinh nhật khách hàng'),
(384, 239, 321, '2026-01-31', '20:15:00', 10, 'Cancelled', N'Đặt thêm bánh kem'),
(385, 212, 24, '2026-03-27', '13:15:00', 1, 'NoShow', NULL),
(386, 104, 354, '2026-03-14', '13:00:00', 5, 'Confirmed', N'Yêu cầu bàn cửa sổ'),
(387, 260, 282, '2026-03-24', '21:00:00', 2, 'Confirmed', NULL),
(388, 171, 175, '2026-04-12', '20:00:00', 3, 'Confirmed', N'Tiệc công ty'),
(389, 170, 427, '2026-03-28', '20:45:00', 8, 'Pending', NULL),
(390, 19, 331, '2026-02-04', '18:15:00', 8, 'Seated', NULL),
(391, 275, 459, '2026-03-27', '18:45:00', 1, 'Cancelled', NULL),
(392, 267, 154, '2026-05-25', '20:30:00', 9, 'NoShow', N'Bữa tối lãng mạn'),
(393, 10, 107, '2026-05-28', '20:30:00', 6, 'Confirmed', N'Kỷ niệm ngày cưới'),
(394, 497, 77, '2026-03-13', '21:00:00', 6, 'Confirmed', N'Đặt thêm bánh kem'),
(395, 321, 274, '2026-02-12', '19:45:00', 3, 'Confirmed', N'Tiệc tất niên'),
(396, 60, 443, '2026-03-20', '20:30:00', 1, 'Pending', N'Yêu cầu bàn cửa sổ'),
(397, 212, 45, '2026-05-08', '12:30:00', 8, 'Seated', NULL),
(398, 487, 155, '2026-02-25', '19:30:00', 3, 'Cancelled', N'Kỷ niệm ngày cưới'),
(399, 192, 402, '2026-01-10', '21:15:00', 2, 'NoShow', N'Họp nhóm dự án'),
(400, 260, 13, '2026-05-04', '19:15:00', 4, 'Confirmed', N'Dị ứng hải sản'),
(401, 473, 248, '2026-05-15', '13:30:00', 3, 'Confirmed', NULL),
(402, 447, 51, '2026-05-13', '20:15:00', 4, 'Confirmed', NULL),
(403, 19, 236, '2026-04-10', '20:00:00', 1, 'Pending', N'Yêu cầu bàn cửa sổ'),
(404, 478, 23, '2026-06-25', '21:00:00', 6, 'Seated', N'Họp nhóm dự án'),
(405, 456, 24, '2026-01-27', '19:30:00', 1, 'Cancelled', N'Tiệc tất niên'),
(406, 389, 160, '2026-06-13', '12:30:00', 4, 'NoShow', N'Tiệc công ty'),
(407, 147, 142, '2026-05-17', '13:45:00', 2, 'Confirmed', N'Yêu cầu bàn cửa sổ'),
(408, 77, 81, '2026-03-12', '11:00:00', 10, 'Confirmed', N'Bữa tối lãng mạn'),
(409, 264, 53, '2026-02-22', '19:30:00', 9, 'Confirmed', N'Dị ứng hải sản'),
(410, 139, 73, '2026-03-14', '19:15:00', 3, 'Pending', N'Kỷ niệm ngày cưới'),
(411, 160, 314, '2026-03-28', '19:45:00', 1, 'Seated', N'Họp mặt gia đình'),
(412, 15, 242, '2026-06-22', '11:00:00', 7, 'Cancelled', N'Sinh nhật khách hàng'),
(413, 45, 219, '2026-04-11', '12:45:00', 10, 'NoShow', N'Dị ứng hải sản'),
(414, 160, 171, '2026-02-20', '20:00:00', 8, 'Confirmed', N'Tiệc tất niên'),
(415, 68, 48, '2026-06-28', '18:00:00', 8, 'Confirmed', N'Yêu cầu bàn cửa sổ'),
(416, 351, 330, '2026-04-30', '18:15:00', 4, 'Confirmed', N'Họp mặt gia đình'),
(417, 441, 459, '2026-06-07', '13:30:00', 7, 'Pending', N'Họp mặt gia đình'),
(418, 359, 470, '2026-06-20', '13:30:00', 8, 'Seated', N'Họp nhóm dự án'),
(419, 16, 34, '2026-05-02', '11:30:00', 8, 'Cancelled', N'Họp nhóm dự án'),
(420, 434, 88, '2026-03-14', '21:30:00', 10, 'NoShow', N'Tiệc tất niên'),
(421, 66, 261, '2026-01-27', '18:00:00', 6, 'Confirmed', N'Bữa tối lãng mạn'),
(422, 333, 37, '2026-03-19', '19:45:00', 7, 'Confirmed', N'Tiệc tất niên'),
(423, 212, 123, '2026-06-08', '12:15:00', 8, 'Confirmed', N'Đặt thêm bánh kem'),
(424, 34, 175, '2026-02-23', '21:45:00', 7, 'Pending', N'Tiệc tất niên'),
(425, 404, 176, '2026-05-20', '20:15:00', 3, 'Seated', NULL),
(426, 343, 40, '2026-05-27', '21:45:00', 2, 'Cancelled', N'Tiệc tất niên'),
(427, 306, 238, '2026-03-25', '19:00:00', 8, 'NoShow', N'Họp mặt gia đình'),
(428, 158, 490, '2026-04-14', '11:00:00', 10, 'Confirmed', NULL),
(429, 420, 195, '2026-03-25', '18:00:00', 2, 'Confirmed', N'Tiệc công ty'),
(430, 419, 72, '2026-05-29', '21:00:00', 3, 'Confirmed', NULL),
(431, 77, 232, '2026-05-17', '13:45:00', 10, 'Pending', N'Tiệc tất niên'),
(432, 229, 101, '2026-02-22', '20:30:00', 5, 'Seated', N'Tiệc tất niên'),
(433, 407, 468, '2026-06-23', '13:45:00', 6, 'Cancelled', N'Kỷ niệm ngày cưới'),
(434, 299, 5, '2026-06-06', '19:45:00', 3, 'NoShow', NULL),
(435, 151, 32, '2026-04-05', '19:00:00', 1, 'Confirmed', NULL),
(436, 287, 421, '2026-04-02', '11:30:00', 1, 'Confirmed', N'Tiệc công ty'),
(437, 222, 360, '2026-06-01', '18:30:00', 7, 'Confirmed', N'Đặt thêm bánh kem'),
(438, 196, 223, '2026-05-20', '12:15:00', 8, 'Pending', N'Họp mặt gia đình'),
(439, 97, 285, '2026-04-09', '21:30:00', 7, 'Seated', N'Họp mặt gia đình'),
(440, 148, 447, '2026-06-21', '12:15:00', 1, 'Cancelled', N'Kỷ niệm ngày cưới'),
(441, 332, 9, '2026-02-06', '20:45:00', 7, 'NoShow', N'Họp mặt gia đình'),
(442, 44, 71, '2026-06-14', '21:45:00', 8, 'Confirmed', NULL),
(443, 357, 310, '2026-04-19', '19:15:00', 8, 'Confirmed', N'Bữa tối lãng mạn'),
(444, 218, 283, '2026-04-26', '18:30:00', 4, 'Confirmed', N'Họp mặt gia đình'),
(445, 218, 310, '2026-01-02', '19:45:00', 4, 'Pending', NULL),
(446, 257, 138, '2026-04-16', '19:30:00', 1, 'Seated', N'Sinh nhật khách hàng'),
(447, 291, 248, '2026-04-05', '11:45:00', 2, 'Cancelled', N'Họp mặt gia đình'),
(448, 374, 375, '2026-05-15', '21:30:00', 8, 'NoShow', N'Bữa tối lãng mạn'),
(449, 41, 268, '2026-06-06', '11:15:00', 8, 'Confirmed', NULL),
(450, 380, 340, '2026-06-21', '11:30:00', 10, 'Confirmed', N'Sinh nhật khách hàng'),
(451, 463, 176, '2026-05-17', '21:00:00', 8, 'Confirmed', N'Họp nhóm dự án'),
(452, 263, 464, '2026-05-01', '19:30:00', 7, 'Pending', N'Dị ứng hải sản'),
(453, 492, 501, '2026-03-17', '13:15:00', 1, 'Seated', NULL),
(454, 473, 306, '2026-03-19', '20:30:00', 1, 'Cancelled', NULL),
(455, 243, 297, '2026-02-13', '19:00:00', 5, 'NoShow', NULL),
(456, 378, 320, '2026-01-07', '13:45:00', 2, 'Confirmed', N'Họp mặt gia đình'),
(457, 259, 40, '2026-03-13', '13:15:00', 10, 'Confirmed', N'Yêu cầu bàn cửa sổ'),
(458, 141, 440, '2026-03-07', '11:00:00', 10, 'Confirmed', N'Họp mặt gia đình'),
(459, 466, 303, '2026-02-08', '20:45:00', 6, 'Pending', NULL),
(460, 90, 134, '2026-06-29', '12:45:00', 3, 'Seated', NULL),
(461, 271, 442, '2026-01-09', '13:00:00', 3, 'Cancelled', N'Tiệc tất niên'),
(462, 479, 421, '2026-02-09', '21:45:00', 7, 'NoShow', NULL),
(463, 197, 122, '2026-06-19', '18:15:00', 4, 'Confirmed', N'Tiệc tất niên'),
(464, 376, 432, '2026-03-30', '11:30:00', 2, 'Confirmed', N'Sinh nhật khách hàng'),
(465, 86, 238, '2026-04-13', '18:30:00', 8, 'Confirmed', NULL),
(466, 486, 386, '2026-05-17', '12:45:00', 7, 'Pending', N'Họp nhóm dự án'),
(467, 135, 75, '2026-05-16', '21:45:00', 1, 'Seated', N'Yêu cầu bàn cửa sổ'),
(468, 475, 409, '2026-04-25', '18:30:00', 9, 'Cancelled', NULL),
(469, 490, 22, '2026-01-25', '19:30:00', 7, 'NoShow', N'Tiệc tất niên'),
(470, 471, 334, '2026-03-11', '13:30:00', 5, 'Confirmed', NULL),
(471, 51, 131, '2026-06-17', '19:45:00', 8, 'Confirmed', NULL),
(472, 346, 384, '2026-03-03', '20:15:00', 9, 'Confirmed', N'Dị ứng hải sản'),
(473, 347, 354, '2026-02-16', '13:00:00', 1, 'Pending', NULL),
(474, 35, 7, '2026-04-16', '11:00:00', 8, 'Seated', N'Dị ứng hải sản'),
(475, 113, 372, '2026-03-14', '13:15:00', 1, 'Cancelled', N'Sinh nhật khách hàng'),
(476, 318, 48, '2026-01-15', '19:15:00', 10, 'NoShow', NULL),
(477, 63, 363, '2026-01-31', '11:15:00', 7, 'Confirmed', NULL),
(478, 392, 461, '2026-06-15', '19:15:00', 2, 'Confirmed', NULL),
(479, 95, 130, '2026-03-17', '18:00:00', 8, 'Confirmed', N'Yêu cầu bàn cửa sổ'),
(480, 394, 219, '2026-06-27', '20:30:00', 5, 'Pending', N'Họp mặt gia đình'),
(481, 400, 38, '2026-03-12', '21:00:00', 7, 'Seated', N'Đặt thêm bánh kem'),
(482, 171, 510, '2026-01-16', '13:30:00', 3, 'Cancelled', N'Họp nhóm dự án'),
(483, 36, 252, '2026-02-21', '19:45:00', 3, 'NoShow', NULL),
(484, 252, 56, '2026-02-06', '19:45:00', 4, 'Confirmed', N'Tiệc tất niên'),
(485, 330, 55, '2026-04-24', '20:30:00', 2, 'Confirmed', N'Sinh nhật khách hàng'),
(486, 38, 37, '2026-05-27', '20:30:00', 8, 'Confirmed', N'Sinh nhật khách hàng'),
(487, 460, 255, '2026-02-08', '20:00:00', 1, 'Pending', NULL),
(488, 200, 137, '2026-02-08', '20:30:00', 7, 'Seated', N'Tiệc tất niên'),
(489, 2, 264, '2026-05-06', '18:45:00', 7, 'Cancelled', NULL),
(490, 373, 400, '2026-01-18', '19:15:00', 1, 'NoShow', N'Đặt thêm bánh kem'),
(491, 489, 353, '2026-05-04', '11:30:00', 6, 'Confirmed', NULL),
(492, 156, 206, '2026-01-15', '20:00:00', 6, 'Confirmed', N'Bữa tối lãng mạn'),
(493, 437, 492, '2026-03-29', '11:45:00', 5, 'Confirmed', NULL),
(494, 104, 91, '2026-05-22', '11:45:00', 4, 'Pending', N'Yêu cầu bàn cửa sổ'),
(495, 357, 200, '2026-01-28', '20:30:00', 8, 'Seated', N'Kỷ niệm ngày cưới'),
(496, 454, 324, '2026-04-23', '20:15:00', 3, 'Cancelled', N'Sinh nhật khách hàng'),
(497, 99, 13, '2026-06-01', '12:45:00', 7, 'NoShow', N'Kỷ niệm ngày cưới'),
(498, 406, 277, '2026-06-14', '13:45:00', 9, 'Confirmed', NULL),
(499, 416, 231, '2026-01-05', '11:30:00', 1, 'Confirmed', N'Dị ứng hải sản'),
(500, 404, 370, '2026-01-11', '18:00:00', 4, 'Confirmed', NULL),
(501, 335, 342, '2026-05-14', '18:15:00', 10, 'Pending', N'Tiệc công ty'),
(502, 474, 37, '2026-01-10', '20:15:00', 8, 'Seated', NULL),
(503, 10, 242, '2026-06-08', '11:15:00', 3, 'Cancelled', N'Sinh nhật khách hàng'),
(504, 89, 324, '2026-01-13', '13:00:00', 8, 'NoShow', N'Tiệc tất niên'),
(505, 88, 428, '2026-06-01', '11:00:00', 2, 'Confirmed', N'Họp nhóm dự án'),
(506, 305, 410, '2026-06-07', '12:00:00', 4, 'Confirmed', N'Đặt thêm bánh kem'),
(507, 173, 416, '2026-06-23', '18:30:00', 2, 'Confirmed', NULL),
(508, 295, 280, '2026-02-05', '13:15:00', 1, 'Pending', N'Tiệc tất niên'),
(509, 89, 172, '2026-01-17', '11:30:00', 3, 'Seated', NULL),
(510, 213, 87, '2026-06-28', '13:15:00', 8, 'Cancelled', N'Tiệc công ty');

-- ─────────────────────────────────────────────
-- 6. Invoices (510 rows)
-- ─────────────────────────────────────────────
TRUNCATE TABLE Invoices;
INSERT INTO Invoices (InvoiceID, CustomerID, TableID, SubTotal, ServiceCharge, DiscountAmount, TotalAmount, PaymentMethod, PaymentDate, Status) VALUES
(1, 474, 298, 70000, 7000, 0, 77000, 'Cash', '2026-01-13 22:54:00', 'Paid'),
(2, 324, 314, 290000, 29000, 0, 319000, 'Cash', '2026-01-03 17:05:00', 'Paid'),
(3, 4, 4, 160000, 16000, 0, 176000, 'Card', '2026-04-01 20:37:00', 'Paid'),
(4, 455, 146, 310000, 31000, 16000, 325000, 'Transfer', '2026-03-30 12:13:00', 'Paid'),
(5, 74, 328, 220000, 22000, 22000, 220000, 'Voucher', '2026-02-27 16:15:00', 'Paid'),
(6, 481, 90, 440000, 44000, 0, 484000, 'Cash', '2026-03-18 12:45:00', 'Voided'),
(7, 256, 314, 100000, 10000, 0, 110000, 'Cash', '2026-02-14 16:00:00', 'Draft'),
(8, 286, 121, 170000, 17000, 0, 187000, 'Card', '2026-03-09 11:39:00', 'Paid'),
(9, 186, 442, 530000, 53000, 53000, 530000, 'Transfer', '2026-03-06 13:29:00', 'Paid'),
(10, 395, 321, 470000, 47000, 0, 517000, 'Voucher', '2026-02-05 10:12:00', 'Paid'),
(11, 58, 408, 140000, 14000, 7000, 147000, 'Cash', '2026-03-05 12:10:00', 'Paid'),
(12, 344, 473, 70000, 7000, 0, 77000, 'Cash', '2026-03-24 15:18:00', 'Paid'),
(13, 108, 223, 210000, 21000, 0, 231000, 'Card', '2026-03-20 22:56:00', 'Voided'),
(14, 389, 233, 70000, 7000, 0, 77000, 'Transfer', '2026-04-05 10:59:00', 'Draft'),
(15, 276, 91, 150000, 15000, 0, 165000, 'Voucher', '2026-03-04 18:07:00', 'Paid'),
(16, 37, 459, 200000, 20000, 10000, 210000, 'Cash', '2026-03-17 19:20:00', 'Paid'),
(17, 215, 102, 520000, 52000, 0, 572000, 'Cash', '2026-01-30 22:07:00', 'Paid'),
(18, 167, 117, 110000, 11000, 0, 121000, 'Card', '2026-04-05 16:55:00', 'Paid'),
(19, 103, 193, 190000, 19000, 0, 209000, 'Transfer', '2026-03-02 19:31:00', 'Paid'),
(20, 28, 456, 320000, 32000, 0, 352000, 'Voucher', '2026-01-28 19:29:00', 'Voided'),
(21, 92, 199, 280000, 28000, 0, 308000, 'Cash', '2026-02-28 21:12:00', 'Draft'),
(22, 324, 184, 220000, 22000, 0, 242000, 'Cash', '2026-02-12 12:02:00', 'Paid'),
(23, 355, 292, 80000, 8000, 0, 88000, 'Card', '2026-01-18 11:54:00', 'Paid'),
(24, 239, 235, 310000, 31000, 0, 341000, 'Transfer', '2026-04-08 15:14:00', 'Paid'),
(25, 454, 152, 430000, 43000, 0, 473000, 'Voucher', '2026-04-12 22:40:00', 'Paid'),
(26, 488, 314, 150000, 15000, 15000, 150000, 'Cash', '2026-03-12 13:05:00', 'Paid'),
(27, 211, 439, 380000, 38000, 19000, 399000, 'Cash', '2026-04-21 13:37:00', 'Voided'),
(28, 243, 429, 340000, 34000, 0, 374000, 'Card', '2026-01-02 21:27:00', 'Draft'),
(29, 377, 447, 200000, 20000, 0, 220000, 'Transfer', '2026-02-11 16:37:00', 'Paid'),
(30, 114, 457, 420000, 42000, 0, 462000, 'Voucher', '2026-03-15 10:26:00', 'Paid'),
(31, 502, 23, 70000, 7000, 4000, 73000, 'Cash', '2026-04-04 22:32:00', 'Paid'),
(32, 18, 218, 380000, 38000, 19000, 399000, 'Cash', '2026-03-03 22:51:00', 'Paid'),
(33, 357, 421, 110000, 11000, 6000, 115000, 'Card', '2026-03-05 13:05:00', 'Paid'),
(34, 286, 386, 50000, 5000, 2000, 53000, 'Transfer', '2026-01-28 12:22:00', 'Voided'),
(35, 152, 123, 460000, 46000, 0, 506000, 'Voucher', '2026-01-03 17:42:00', 'Draft'),
(36, 157, 83, 500000, 50000, 25000, 525000, 'Cash', '2026-04-20 19:47:00', 'Paid'),
(37, 299, 13, 340000, 34000, 17000, 357000, 'Cash', '2026-04-09 12:55:00', 'Paid'),
(38, 361, 208, 160000, 16000, 0, 176000, 'Card', '2026-03-22 17:45:00', 'Paid'),
(39, 325, 1, 600000, 60000, 0, 660000, 'Transfer', '2026-02-19 21:21:00', 'Paid'),
(40, 272, 17, 230000, 23000, 12000, 241000, 'Voucher', '2026-04-07 14:44:00', 'Paid'),
(41, 485, 314, 390000, 39000, 39000, 390000, 'Cash', '2026-04-12 13:50:00', 'Voided'),
(42, 351, 42, 440000, 44000, 0, 484000, 'Cash', '2026-04-05 10:32:00', 'Draft'),
(43, 485, 466, 480000, 48000, 0, 528000, 'Card', '2026-04-24 10:07:00', 'Paid'),
(44, 197, 188, 340000, 34000, 34000, 340000, 'Transfer', '2026-01-06 15:23:00', 'Paid'),
(45, 90, 332, 400000, 40000, 0, 440000, 'Voucher', '2026-03-13 21:49:00', 'Paid'),
(46, 105, 71, 260000, 26000, 0, 286000, 'Cash', '2026-03-11 11:41:00', 'Paid'),
(47, 245, 378, 530000, 53000, 53000, 530000, 'Cash', '2026-04-22 21:13:00', 'Paid'),
(48, 386, 382, 530000, 53000, 0, 583000, 'Card', '2026-02-11 15:57:00', 'Voided'),
(49, 137, 258, 480000, 48000, 24000, 504000, 'Transfer', '2026-02-05 10:04:00', 'Draft'),
(50, 191, 177, 330000, 33000, 16000, 347000, 'Voucher', '2026-03-06 18:53:00', 'Paid'),
(51, 63, 241, 500000, 50000, 50000, 500000, 'Cash', '2026-03-28 18:57:00', 'Paid'),
(52, 150, 232, 440000, 44000, 0, 484000, 'Cash', '2026-04-13 20:44:00', 'Paid'),
(53, 415, 501, 90000, 9000, 0, 99000, 'Card', '2026-04-25 17:05:00', 'Paid'),
(54, 42, 201, 160000, 16000, 0, 176000, 'Transfer', '2026-01-10 11:10:00', 'Paid'),
(55, 142, 58, 490000, 49000, 0, 539000, 'Voucher', '2026-03-05 12:55:00', 'Voided'),
(56, 105, 267, 450000, 45000, 0, 495000, 'Cash', '2026-02-07 16:43:00', 'Draft'),
(57, 278, 478, 130000, 13000, 6000, 137000, 'Cash', '2026-02-14 16:28:00', 'Paid'),
(58, 378, 331, 60000, 6000, 0, 66000, 'Card', '2026-01-25 11:01:00', 'Paid'),
(59, 447, 411, 190000, 19000, 19000, 190000, 'Transfer', '2026-03-24 15:26:00', 'Paid'),
(60, 297, 176, 460000, 46000, 0, 506000, 'Voucher', '2026-03-04 19:42:00', 'Paid'),
(61, 357, 272, 580000, 58000, 58000, 580000, 'Cash', '2026-02-26 17:19:00', 'Paid'),
(62, 291, 68, 550000, 55000, 0, 605000, 'Cash', '2026-01-22 22:16:00', 'Voided'),
(63, 117, 248, 280000, 28000, 0, 308000, 'Card', '2026-04-09 10:09:00', 'Draft'),
(64, 181, 146, 340000, 34000, 0, 374000, 'Transfer', '2026-03-21 12:45:00', 'Paid'),
(65, 275, 147, 160000, 16000, 0, 176000, 'Voucher', '2026-04-18 21:44:00', 'Paid'),
(66, 464, 342, 550000, 55000, 0, 605000, 'Cash', '2026-01-21 13:07:00', 'Paid'),
(67, 22, 509, 250000, 25000, 25000, 250000, 'Cash', '2026-01-17 17:16:00', 'Paid'),
(68, 190, 95, 180000, 18000, 18000, 180000, 'Card', '2026-04-01 10:42:00', 'Paid'),
(69, 163, 501, 270000, 27000, 0, 297000, 'Transfer', '2026-02-17 17:34:00', 'Voided'),
(70, 500, 84, 390000, 39000, 0, 429000, 'Voucher', '2026-01-16 10:25:00', 'Draft'),
(71, 477, 256, 540000, 54000, 0, 594000, 'Cash', '2026-02-28 15:09:00', 'Paid'),
(72, 3, 497, 520000, 52000, 52000, 520000, 'Cash', '2026-03-06 15:41:00', 'Paid'),
(73, 362, 152, 350000, 35000, 0, 385000, 'Card', '2026-04-07 19:42:00', 'Paid'),
(74, 76, 410, 410000, 41000, 20000, 431000, 'Transfer', '2026-02-13 21:07:00', 'Paid'),
(75, 375, 246, 70000, 7000, 0, 77000, 'Voucher', '2026-03-28 18:07:00', 'Paid'),
(76, 158, 13, 300000, 30000, 30000, 300000, 'Cash', '2026-04-18 13:28:00', 'Voided'),
(77, 183, 48, 250000, 25000, 0, 275000, 'Cash', '2026-03-19 20:12:00', 'Draft'),
(78, 299, 270, 190000, 19000, 0, 209000, 'Card', '2026-01-26 10:05:00', 'Paid'),
(79, 276, 435, 330000, 33000, 0, 363000, 'Transfer', '2026-03-07 16:12:00', 'Paid'),
(80, 252, 163, 430000, 43000, 43000, 430000, 'Voucher', '2026-03-07 10:58:00', 'Paid'),
(81, 342, 185, 300000, 30000, 0, 330000, 'Cash', '2026-04-02 16:23:00', 'Paid'),
(82, 198, 191, 50000, 5000, 0, 55000, 'Cash', '2026-02-14 15:19:00', 'Paid'),
(83, 501, 229, 600000, 60000, 60000, 600000, 'Card', '2026-01-12 13:46:00', 'Voided'),
(84, 455, 228, 520000, 52000, 26000, 546000, 'Transfer', '2026-04-13 17:18:00', 'Draft'),
(85, 84, 413, 510000, 51000, 26000, 535000, 'Voucher', '2026-04-04 16:08:00', 'Paid'),
(86, 428, 301, 430000, 43000, 0, 473000, 'Cash', '2026-01-19 13:19:00', 'Paid'),
(87, 244, 507, 600000, 60000, 60000, 600000, 'Cash', '2026-02-12 11:59:00', 'Paid'),
(88, 492, 303, 530000, 53000, 26000, 557000, 'Card', '2026-01-12 10:26:00', 'Paid'),
(89, 328, 469, 220000, 22000, 11000, 231000, 'Transfer', '2026-01-23 18:29:00', 'Paid'),
(90, 364, 291, 530000, 53000, 0, 583000, 'Voucher', '2026-01-26 12:53:00', 'Voided'),
(91, 196, 149, 400000, 40000, 20000, 420000, 'Cash', '2026-01-06 14:53:00', 'Draft'),
(92, 300, 156, 360000, 36000, 36000, 360000, 'Cash', '2026-04-05 17:14:00', 'Paid'),
(93, 14, 406, 50000, 5000, 0, 55000, 'Card', '2026-02-03 14:40:00', 'Paid'),
(94, 428, 326, 350000, 35000, 0, 385000, 'Transfer', '2026-03-25 20:57:00', 'Paid'),
(95, 148, 214, 160000, 16000, 8000, 168000, 'Voucher', '2026-03-30 20:15:00', 'Paid'),
(96, 15, 62, 530000, 53000, 0, 583000, 'Cash', '2026-03-05 11:38:00', 'Paid'),
(97, 382, 186, 420000, 42000, 21000, 441000, 'Cash', '2026-03-14 16:55:00', 'Voided'),
(98, 133, 322, 480000, 48000, 24000, 504000, 'Card', '2026-03-30 11:23:00', 'Draft'),
(99, 263, 376, 410000, 41000, 0, 451000, 'Transfer', '2026-04-19 14:10:00', 'Paid'),
(100, 298, 30, 140000, 14000, 0, 154000, 'Voucher', '2026-03-01 21:08:00', 'Paid'),
(101, 183, 84, 80000, 8000, 0, 88000, 'Cash', '2026-02-16 16:40:00', 'Paid'),
(102, 467, 490, 270000, 27000, 0, 297000, 'Cash', '2026-02-07 14:33:00', 'Paid'),
(103, 328, 480, 90000, 9000, 9000, 90000, 'Card', '2026-01-25 22:40:00', 'Paid'),
(104, 94, 392, 110000, 11000, 11000, 110000, 'Transfer', '2026-04-07 12:34:00', 'Voided'),
(105, 166, 447, 250000, 25000, 0, 275000, 'Voucher', '2026-02-04 20:44:00', 'Draft'),
(106, 353, 186, 110000, 11000, 11000, 110000, 'Cash', '2026-03-16 15:52:00', 'Paid'),
(107, 74, 7, 130000, 13000, 13000, 130000, 'Cash', '2026-02-06 15:49:00', 'Paid'),
(108, 249, 211, 260000, 26000, 0, 286000, 'Card', '2026-01-14 13:09:00', 'Paid'),
(109, 258, 114, 580000, 58000, 0, 638000, 'Transfer', '2026-04-12 18:39:00', 'Paid'),
(110, 354, 426, 380000, 38000, 38000, 380000, 'Voucher', '2026-04-02 18:44:00', 'Paid'),
(111, 388, 411, 120000, 12000, 6000, 126000, 'Cash', '2026-02-28 11:07:00', 'Voided'),
(112, 420, 68, 60000, 6000, 3000, 63000, 'Cash', '2026-02-14 14:44:00', 'Draft'),
(113, 186, 72, 570000, 57000, 28000, 599000, 'Card', '2026-04-24 19:33:00', 'Paid'),
(114, 391, 497, 260000, 26000, 0, 286000, 'Transfer', '2026-04-01 14:01:00', 'Paid'),
(115, 382, 418, 120000, 12000, 0, 132000, 'Voucher', '2026-01-17 21:09:00', 'Paid'),
(116, 353, 117, 240000, 24000, 0, 264000, 'Cash', '2026-01-27 12:05:00', 'Paid'),
(117, 218, 354, 530000, 53000, 0, 583000, 'Cash', '2026-01-10 10:49:00', 'Paid'),
(118, 248, 388, 320000, 32000, 0, 352000, 'Card', '2026-01-26 11:02:00', 'Voided'),
(119, 407, 338, 370000, 37000, 37000, 370000, 'Transfer', '2026-01-08 17:07:00', 'Draft'),
(120, 466, 130, 70000, 7000, 0, 77000, 'Voucher', '2026-02-08 20:00:00', 'Paid'),
(121, 387, 50, 550000, 55000, 0, 605000, 'Cash', '2026-03-19 13:37:00', 'Paid'),
(122, 462, 103, 160000, 16000, 0, 176000, 'Cash', '2026-01-04 11:09:00', 'Paid'),
(123, 434, 383, 220000, 22000, 22000, 220000, 'Card', '2026-02-14 15:10:00', 'Paid'),
(124, 438, 257, 540000, 54000, 54000, 540000, 'Transfer', '2026-01-31 18:36:00', 'Paid'),
(125, 35, 51, 570000, 57000, 57000, 570000, 'Voucher', '2026-04-08 10:33:00', 'Voided'),
(126, 112, 367, 170000, 17000, 0, 187000, 'Cash', '2026-01-22 22:34:00', 'Draft'),
(127, 3, 499, 510000, 51000, 0, 561000, 'Cash', '2026-01-28 18:54:00', 'Paid'),
(128, 363, 244, 280000, 28000, 28000, 280000, 'Card', '2026-01-24 17:43:00', 'Paid'),
(129, 491, 55, 160000, 16000, 0, 176000, 'Transfer', '2026-02-18 16:13:00', 'Paid'),
(130, 264, 117, 310000, 31000, 0, 341000, 'Voucher', '2026-04-08 15:07:00', 'Paid'),
(131, 239, 57, 380000, 38000, 0, 418000, 'Cash', '2026-03-05 22:23:00', 'Paid'),
(132, 361, 148, 400000, 40000, 0, 440000, 'Cash', '2026-01-11 15:31:00', 'Voided'),
(133, 60, 198, 230000, 23000, 12000, 241000, 'Card', '2026-03-18 21:19:00', 'Draft'),
(134, 352, 500, 580000, 58000, 29000, 609000, 'Transfer', '2026-01-29 18:26:00', 'Paid'),
(135, 149, 505, 590000, 59000, 30000, 619000, 'Voucher', '2026-01-25 11:57:00', 'Paid'),
(136, 431, 411, 350000, 35000, 0, 385000, 'Cash', '2026-01-23 10:43:00', 'Paid'),
(137, 252, 345, 110000, 11000, 6000, 115000, 'Cash', '2026-02-26 18:42:00', 'Paid'),
(138, 347, 44, 120000, 12000, 0, 132000, 'Card', '2026-02-20 16:44:00', 'Paid'),
(139, 303, 501, 110000, 11000, 0, 121000, 'Transfer', '2026-01-09 15:12:00', 'Voided'),
(140, 174, 103, 430000, 43000, 22000, 451000, 'Voucher', '2026-01-16 13:53:00', 'Draft'),
(141, 218, 372, 360000, 36000, 0, 396000, 'Cash', '2026-04-08 21:49:00', 'Paid'),
(142, 298, 304, 220000, 22000, 11000, 231000, 'Cash', '2026-02-15 17:42:00', 'Paid'),
(143, 309, 487, 300000, 30000, 15000, 315000, 'Card', '2026-03-07 14:09:00', 'Paid'),
(144, 394, 233, 110000, 11000, 0, 121000, 'Transfer', '2026-02-02 17:31:00', 'Paid'),
(145, 119, 322, 130000, 13000, 0, 143000, 'Voucher', '2026-01-13 21:03:00', 'Paid'),
(146, 426, 35, 360000, 36000, 0, 396000, 'Cash', '2026-01-23 16:38:00', 'Voided'),
(147, 348, 168, 140000, 14000, 0, 154000, 'Cash', '2026-03-21 19:06:00', 'Draft'),
(148, 390, 40, 470000, 47000, 47000, 470000, 'Card', '2026-04-09 17:50:00', 'Paid'),
(149, 239, 104, 230000, 23000, 12000, 241000, 'Transfer', '2026-03-04 18:16:00', 'Paid'),
(150, 278, 176, 560000, 56000, 56000, 560000, 'Voucher', '2026-03-11 10:48:00', 'Paid'),
(151, 17, 508, 320000, 32000, 0, 352000, 'Cash', '2026-02-19 17:20:00', 'Paid'),
(152, 437, 193, 330000, 33000, 16000, 347000, 'Cash', '2026-01-05 10:11:00', 'Paid'),
(153, 286, 338, 600000, 60000, 0, 660000, 'Card', '2026-04-24 21:10:00', 'Voided'),
(154, 252, 221, 130000, 13000, 0, 143000, 'Transfer', '2026-04-02 16:31:00', 'Draft'),
(155, 392, 57, 410000, 41000, 20000, 431000, 'Voucher', '2026-03-26 18:43:00', 'Paid'),
(156, 277, 293, 350000, 35000, 18000, 367000, 'Cash', '2026-03-13 12:32:00', 'Paid'),
(157, 29, 201, 210000, 21000, 10000, 221000, 'Cash', '2026-03-17 16:39:00', 'Paid'),
(158, 347, 181, 540000, 54000, 0, 594000, 'Card', '2026-02-11 10:01:00', 'Paid'),
(159, 303, 24, 130000, 13000, 0, 143000, 'Transfer', '2026-02-14 22:47:00', 'Paid'),
(160, 299, 14, 530000, 53000, 0, 583000, 'Voucher', '2026-02-18 11:27:00', 'Voided'),
(161, 177, 508, 270000, 27000, 14000, 283000, 'Cash', '2026-02-14 10:42:00', 'Draft'),
(162, 126, 127, 200000, 20000, 0, 220000, 'Cash', '2026-03-17 11:58:00', 'Paid'),
(163, 353, 34, 600000, 60000, 0, 660000, 'Card', '2026-01-15 15:10:00', 'Paid'),
(164, 11, 276, 250000, 25000, 0, 275000, 'Transfer', '2026-02-28 20:55:00', 'Paid'),
(165, 217, 291, 370000, 37000, 18000, 389000, 'Voucher', '2026-02-04 10:44:00', 'Paid'),
(166, 241, 302, 60000, 6000, 0, 66000, 'Cash', '2026-02-18 19:24:00', 'Paid'),
(167, 166, 294, 110000, 11000, 6000, 115000, 'Cash', '2026-01-13 21:43:00', 'Voided'),
(168, 106, 173, 360000, 36000, 36000, 360000, 'Card', '2026-04-14 22:42:00', 'Draft'),
(169, 174, 86, 440000, 44000, 0, 484000, 'Transfer', '2026-02-16 16:12:00', 'Paid'),
(170, 255, 326, 590000, 59000, 0, 649000, 'Voucher', '2026-04-18 18:13:00', 'Paid'),
(171, 148, 136, 80000, 8000, 0, 88000, 'Cash', '2026-03-15 16:51:00', 'Paid'),
(172, 116, 320, 520000, 52000, 0, 572000, 'Cash', '2026-04-02 19:06:00', 'Paid'),
(173, 304, 173, 220000, 22000, 0, 242000, 'Card', '2026-03-14 22:33:00', 'Paid'),
(174, 244, 219, 180000, 18000, 0, 198000, 'Transfer', '2026-04-12 11:41:00', 'Voided'),
(175, 422, 155, 370000, 37000, 0, 407000, 'Voucher', '2026-02-25 20:34:00', 'Draft'),
(176, 161, 103, 310000, 31000, 16000, 325000, 'Cash', '2026-02-02 19:32:00', 'Paid'),
(177, 233, 344, 530000, 53000, 53000, 530000, 'Cash', '2026-01-24 10:40:00', 'Paid'),
(178, 361, 265, 600000, 60000, 0, 660000, 'Card', '2026-03-15 17:13:00', 'Paid'),
(179, 339, 493, 570000, 57000, 28000, 599000, 'Transfer', '2026-02-04 20:34:00', 'Paid'),
(180, 415, 315, 590000, 59000, 30000, 619000, 'Voucher', '2026-03-14 21:40:00', 'Paid'),
(181, 31, 268, 170000, 17000, 0, 187000, 'Cash', '2026-03-01 12:15:00', 'Voided'),
(182, 78, 383, 480000, 48000, 0, 528000, 'Cash', '2026-04-19 16:26:00', 'Draft'),
(183, 164, 441, 580000, 58000, 0, 638000, 'Card', '2026-03-23 13:54:00', 'Paid'),
(184, 212, 137, 570000, 57000, 0, 627000, 'Transfer', '2026-03-24 12:16:00', 'Paid'),
(185, 352, 308, 200000, 20000, 10000, 210000, 'Voucher', '2026-01-31 11:09:00', 'Paid'),
(186, 99, 15, 200000, 20000, 0, 220000, 'Cash', '2026-03-01 17:35:00', 'Paid'),
(187, 508, 224, 320000, 32000, 0, 352000, 'Cash', '2026-01-26 12:17:00', 'Paid'),
(188, 70, 15, 210000, 21000, 0, 231000, 'Card', '2026-03-26 18:11:00', 'Voided'),
(189, 330, 437, 70000, 7000, 4000, 73000, 'Transfer', '2026-04-11 10:03:00', 'Draft'),
(190, 441, 460, 100000, 10000, 0, 110000, 'Voucher', '2026-03-19 14:55:00', 'Paid'),
(191, 33, 462, 310000, 31000, 0, 341000, 'Cash', '2026-03-27 20:56:00', 'Paid'),
(192, 47, 204, 580000, 58000, 0, 638000, 'Cash', '2026-01-31 11:36:00', 'Paid'),
(193, 377, 257, 120000, 12000, 12000, 120000, 'Card', '2026-03-27 19:49:00', 'Paid'),
(194, 477, 269, 210000, 21000, 10000, 221000, 'Transfer', '2026-04-24 11:15:00', 'Paid'),
(195, 308, 63, 540000, 54000, 0, 594000, 'Voucher', '2026-02-12 19:47:00', 'Voided'),
(196, 200, 413, 520000, 52000, 0, 572000, 'Cash', '2026-02-24 13:09:00', 'Draft'),
(197, 55, 90, 180000, 18000, 0, 198000, 'Cash', '2026-02-26 16:16:00', 'Paid'),
(198, 442, 302, 80000, 8000, 4000, 84000, 'Card', '2026-03-10 15:44:00', 'Paid'),
(199, 486, 58, 250000, 25000, 25000, 250000, 'Transfer', '2026-02-24 17:43:00', 'Paid'),
(200, 127, 494, 220000, 22000, 0, 242000, 'Voucher', '2026-02-16 17:45:00', 'Paid'),
(201, 189, 421, 240000, 24000, 0, 264000, 'Cash', '2026-03-24 19:02:00', 'Paid'),
(202, 431, 379, 470000, 47000, 0, 517000, 'Cash', '2026-03-30 22:42:00', 'Voided'),
(203, 123, 130, 400000, 40000, 20000, 420000, 'Card', '2026-02-09 20:44:00', 'Draft'),
(204, 186, 463, 560000, 56000, 0, 616000, 'Transfer', '2026-03-10 13:54:00', 'Paid'),
(205, 227, 199, 50000, 5000, 2000, 53000, 'Voucher', '2026-02-02 14:05:00', 'Paid'),
(206, 480, 422, 530000, 53000, 0, 583000, 'Cash', '2026-02-08 13:55:00', 'Paid'),
(207, 456, 83, 330000, 33000, 0, 363000, 'Cash', '2026-04-23 22:49:00', 'Paid'),
(208, 330, 209, 550000, 55000, 0, 605000, 'Card', '2026-02-05 11:52:00', 'Paid'),
(209, 400, 482, 360000, 36000, 18000, 378000, 'Transfer', '2026-04-05 16:59:00', 'Voided'),
(210, 431, 171, 500000, 50000, 25000, 525000, 'Voucher', '2026-04-23 11:52:00', 'Draft'),
(211, 83, 358, 210000, 21000, 21000, 210000, 'Cash', '2026-01-09 15:26:00', 'Paid'),
(212, 309, 374, 570000, 57000, 57000, 570000, 'Cash', '2026-04-05 15:29:00', 'Paid'),
(213, 356, 15, 530000, 53000, 0, 583000, 'Card', '2026-03-24 20:11:00', 'Paid'),
(214, 323, 228, 550000, 55000, 0, 605000, 'Transfer', '2026-01-01 16:12:00', 'Paid'),
(215, 322, 157, 250000, 25000, 25000, 250000, 'Voucher', '2026-01-11 11:10:00', 'Paid'),
(216, 128, 265, 500000, 50000, 0, 550000, 'Cash', '2026-04-19 19:43:00', 'Voided'),
(217, 211, 406, 250000, 25000, 12000, 263000, 'Cash', '2026-03-03 21:08:00', 'Draft'),
(218, 134, 89, 480000, 48000, 48000, 480000, 'Card', '2026-04-16 15:51:00', 'Paid'),
(219, 145, 102, 100000, 10000, 5000, 105000, 'Transfer', '2026-02-17 12:25:00', 'Paid'),
(220, 449, 194, 580000, 58000, 58000, 580000, 'Voucher', '2026-01-29 10:01:00', 'Paid'),
(221, 473, 286, 460000, 46000, 46000, 460000, 'Cash', '2026-03-22 13:58:00', 'Paid'),
(222, 46, 499, 340000, 34000, 0, 374000, 'Cash', '2026-02-03 21:54:00', 'Paid'),
(223, 87, 26, 300000, 30000, 30000, 300000, 'Card', '2026-02-24 19:16:00', 'Voided'),
(224, 77, 46, 280000, 28000, 0, 308000, 'Transfer', '2026-03-14 11:00:00', 'Draft'),
(225, 368, 270, 320000, 32000, 16000, 336000, 'Voucher', '2026-04-16 20:31:00', 'Paid'),
(226, 61, 115, 500000, 50000, 0, 550000, 'Cash', '2026-01-25 22:17:00', 'Paid'),
(227, 148, 383, 360000, 36000, 18000, 378000, 'Cash', '2026-01-17 16:54:00', 'Paid'),
(228, 106, 308, 180000, 18000, 0, 198000, 'Card', '2026-04-04 20:12:00', 'Paid'),
(229, 215, 93, 310000, 31000, 0, 341000, 'Transfer', '2026-01-04 14:16:00', 'Paid'),
(230, 121, 317, 330000, 33000, 0, 363000, 'Voucher', '2026-02-17 19:43:00', 'Voided'),
(231, 332, 235, 100000, 10000, 0, 110000, 'Cash', '2026-03-02 12:55:00', 'Draft'),
(232, 166, 499, 490000, 49000, 24000, 515000, 'Cash', '2026-03-29 13:45:00', 'Paid'),
(233, 197, 363, 320000, 32000, 32000, 320000, 'Card', '2026-02-02 11:06:00', 'Paid'),
(234, 286, 31, 80000, 8000, 0, 88000, 'Transfer', '2026-01-31 17:58:00', 'Paid'),
(235, 182, 311, 470000, 47000, 47000, 470000, 'Voucher', '2026-04-01 21:51:00', 'Paid'),
(236, 24, 3, 210000, 21000, 21000, 210000, 'Cash', '2026-03-21 16:19:00', 'Paid'),
(237, 501, 203, 470000, 47000, 0, 517000, 'Cash', '2026-01-17 18:02:00', 'Voided'),
(238, 298, 92, 210000, 21000, 0, 231000, 'Card', '2026-03-06 17:59:00', 'Draft'),
(239, 174, 450, 340000, 34000, 0, 374000, 'Transfer', '2026-01-12 15:45:00', 'Paid'),
(240, 272, 222, 140000, 14000, 0, 154000, 'Voucher', '2026-01-15 15:02:00', 'Paid'),
(241, 502, 66, 360000, 36000, 0, 396000, 'Cash', '2026-04-06 15:59:00', 'Paid'),
(242, 221, 145, 210000, 21000, 21000, 210000, 'Cash', '2026-04-17 22:59:00', 'Paid'),
(243, 136, 265, 250000, 25000, 12000, 263000, 'Card', '2026-04-25 12:20:00', 'Paid'),
(244, 378, 510, 360000, 36000, 0, 396000, 'Transfer', '2026-03-13 20:40:00', 'Voided'),
(245, 409, 226, 80000, 8000, 0, 88000, 'Voucher', '2026-01-20 10:14:00', 'Draft'),
(246, 94, 19, 350000, 35000, 0, 385000, 'Cash', '2026-01-21 21:29:00', 'Paid'),
(247, 224, 60, 360000, 36000, 0, 396000, 'Cash', '2026-02-26 15:45:00', 'Paid'),
(248, 288, 249, 340000, 34000, 17000, 357000, 'Card', '2026-01-15 21:55:00', 'Paid'),
(249, 76, 64, 270000, 27000, 0, 297000, 'Transfer', '2026-01-27 14:11:00', 'Paid'),
(250, 428, 87, 520000, 52000, 52000, 520000, 'Voucher', '2026-04-16 14:36:00', 'Paid'),
(251, 457, 340, 420000, 42000, 0, 462000, 'Cash', '2026-03-16 10:33:00', 'Voided'),
(252, 393, 293, 160000, 16000, 8000, 168000, 'Cash', '2026-01-10 13:49:00', 'Draft'),
(253, 256, 347, 110000, 11000, 0, 121000, 'Card', '2026-01-04 14:43:00', 'Paid'),
(254, 503, 349, 120000, 12000, 6000, 126000, 'Transfer', '2026-02-17 19:59:00', 'Paid'),
(255, 488, 55, 580000, 58000, 0, 638000, 'Voucher', '2026-01-20 10:05:00', 'Paid'),
(256, 236, 426, 500000, 50000, 25000, 525000, 'Cash', '2026-02-28 20:17:00', 'Paid'),
(257, 305, 337, 50000, 5000, 0, 55000, 'Cash', '2026-01-06 20:39:00', 'Paid'),
(258, 487, 232, 250000, 25000, 25000, 250000, 'Card', '2026-01-17 13:55:00', 'Voided'),
(259, 25, 411, 460000, 46000, 0, 506000, 'Transfer', '2026-02-11 22:03:00', 'Draft'),
(260, 381, 37, 400000, 40000, 40000, 400000, 'Voucher', '2026-02-18 11:25:00', 'Paid'),
(261, 131, 92, 200000, 20000, 10000, 210000, 'Cash', '2026-01-12 10:54:00', 'Paid'),
(262, 107, 84, 290000, 29000, 14000, 305000, 'Cash', '2026-02-06 20:48:00', 'Paid'),
(263, 489, 335, 140000, 14000, 0, 154000, 'Card', '2026-02-08 17:51:00', 'Paid'),
(264, 222, 377, 560000, 56000, 0, 616000, 'Transfer', '2026-04-26 20:38:00', 'Paid'),
(265, 68, 184, 470000, 47000, 0, 517000, 'Voucher', '2026-04-17 15:32:00', 'Voided'),
(266, 103, 251, 330000, 33000, 16000, 347000, 'Cash', '2026-03-02 14:36:00', 'Draft'),
(267, 308, 217, 100000, 10000, 5000, 105000, 'Cash', '2026-04-14 15:39:00', 'Paid'),
(268, 96, 223, 450000, 45000, 22000, 473000, 'Card', '2026-01-12 10:32:00', 'Paid'),
(269, 175, 499, 340000, 34000, 0, 374000, 'Transfer', '2026-03-24 20:45:00', 'Paid'),
(270, 80, 477, 360000, 36000, 36000, 360000, 'Voucher', '2026-03-22 20:33:00', 'Paid'),
(271, 43, 149, 340000, 34000, 17000, 357000, 'Cash', '2026-01-11 22:30:00', 'Paid'),
(272, 154, 77, 130000, 13000, 0, 143000, 'Cash', '2026-04-18 13:33:00', 'Voided'),
(273, 219, 152, 410000, 41000, 0, 451000, 'Card', '2026-03-12 11:58:00', 'Draft'),
(274, 24, 263, 110000, 11000, 11000, 110000, 'Transfer', '2026-02-24 16:06:00', 'Paid'),
(275, 238, 339, 510000, 51000, 51000, 510000, 'Voucher', '2026-04-15 14:22:00', 'Paid'),
(276, 131, 300, 100000, 10000, 10000, 100000, 'Cash', '2026-01-03 11:47:00', 'Paid'),
(277, 339, 237, 160000, 16000, 0, 176000, 'Cash', '2026-04-18 16:02:00', 'Paid'),
(278, 43, 214, 500000, 50000, 0, 550000, 'Card', '2026-02-10 19:46:00', 'Paid'),
(279, 233, 388, 470000, 47000, 24000, 493000, 'Transfer', '2026-03-21 22:16:00', 'Voided'),
(280, 175, 495, 600000, 60000, 0, 660000, 'Voucher', '2026-01-28 12:05:00', 'Draft'),
(281, 383, 503, 430000, 43000, 0, 473000, 'Cash', '2026-04-22 20:06:00', 'Paid'),
(282, 223, 274, 60000, 6000, 0, 66000, 'Cash', '2026-02-20 11:00:00', 'Paid'),
(283, 88, 336, 350000, 35000, 18000, 367000, 'Card', '2026-03-30 16:55:00', 'Paid'),
(284, 337, 495, 520000, 52000, 52000, 520000, 'Transfer', '2026-04-03 17:19:00', 'Paid'),
(285, 317, 417, 440000, 44000, 0, 484000, 'Voucher', '2026-03-30 20:44:00', 'Paid'),
(286, 346, 203, 560000, 56000, 0, 616000, 'Cash', '2026-01-12 12:08:00', 'Voided'),
(287, 8, 98, 120000, 12000, 0, 132000, 'Cash', '2026-03-31 13:54:00', 'Draft'),
(288, 14, 108, 350000, 35000, 0, 385000, 'Card', '2026-03-25 13:27:00', 'Paid'),
(289, 432, 321, 590000, 59000, 59000, 590000, 'Transfer', '2026-01-25 11:19:00', 'Paid'),
(290, 395, 238, 140000, 14000, 7000, 147000, 'Voucher', '2026-02-24 10:07:00', 'Paid'),
(291, 86, 463, 140000, 14000, 7000, 147000, 'Cash', '2026-03-04 17:01:00', 'Paid'),
(292, 441, 231, 420000, 42000, 0, 462000, 'Cash', '2026-01-26 14:36:00', 'Paid'),
(293, 425, 427, 300000, 30000, 0, 330000, 'Card', '2026-02-12 10:06:00', 'Voided'),
(294, 323, 434, 500000, 50000, 25000, 525000, 'Transfer', '2026-02-23 17:47:00', 'Draft'),
(295, 297, 306, 510000, 51000, 51000, 510000, 'Voucher', '2026-02-07 10:31:00', 'Paid'),
(296, 205, 249, 370000, 37000, 37000, 370000, 'Cash', '2026-04-03 19:59:00', 'Paid'),
(297, 348, 464, 570000, 57000, 28000, 599000, 'Cash', '2026-01-30 21:03:00', 'Paid'),
(298, 271, 10, 320000, 32000, 32000, 320000, 'Card', '2026-02-10 18:04:00', 'Paid'),
(299, 138, 458, 460000, 46000, 23000, 483000, 'Transfer', '2026-04-24 17:07:00', 'Paid'),
(300, 254, 319, 460000, 46000, 0, 506000, 'Voucher', '2026-02-27 21:27:00', 'Voided'),
(301, 11, 83, 230000, 23000, 0, 253000, 'Cash', '2026-03-02 15:28:00', 'Draft'),
(302, 119, 260, 190000, 19000, 19000, 190000, 'Cash', '2026-03-29 15:58:00', 'Paid'),
(303, 309, 437, 580000, 58000, 29000, 609000, 'Card', '2026-01-17 14:46:00', 'Paid'),
(304, 365, 200, 310000, 31000, 0, 341000, 'Transfer', '2026-04-12 17:51:00', 'Paid'),
(305, 498, 433, 150000, 15000, 15000, 150000, 'Voucher', '2026-01-27 14:44:00', 'Paid'),
(306, 384, 45, 470000, 47000, 24000, 493000, 'Cash', '2026-01-17 12:12:00', 'Paid'),
(307, 81, 311, 360000, 36000, 0, 396000, 'Cash', '2026-04-12 16:31:00', 'Voided'),
(308, 156, 121, 180000, 18000, 18000, 180000, 'Card', '2026-01-07 10:22:00', 'Draft'),
(309, 452, 134, 270000, 27000, 0, 297000, 'Transfer', '2026-01-23 18:02:00', 'Paid'),
(310, 414, 33, 260000, 26000, 13000, 273000, 'Voucher', '2026-01-15 19:14:00', 'Paid'),
(311, 62, 288, 190000, 19000, 10000, 199000, 'Cash', '2026-02-03 15:50:00', 'Paid'),
(312, 182, 394, 70000, 7000, 7000, 70000, 'Cash', '2026-02-04 12:54:00', 'Paid'),
(313, 354, 448, 370000, 37000, 37000, 370000, 'Card', '2026-03-27 11:45:00', 'Paid'),
(314, 26, 475, 330000, 33000, 16000, 347000, 'Transfer', '2026-04-18 22:07:00', 'Voided'),
(315, 500, 55, 550000, 55000, 55000, 550000, 'Voucher', '2026-03-20 22:54:00', 'Draft'),
(316, 486, 53, 570000, 57000, 57000, 570000, 'Cash', '2026-01-06 18:06:00', 'Paid'),
(317, 86, 323, 120000, 12000, 0, 132000, 'Cash', '2026-02-16 12:46:00', 'Paid'),
(318, 150, 363, 330000, 33000, 33000, 330000, 'Card', '2026-03-05 21:55:00', 'Paid'),
(319, 51, 79, 460000, 46000, 0, 506000, 'Transfer', '2026-02-12 12:07:00', 'Paid'),
(320, 435, 104, 330000, 33000, 16000, 347000, 'Voucher', '2026-04-09 22:00:00', 'Paid'),
(321, 126, 428, 560000, 56000, 28000, 588000, 'Cash', '2026-02-13 14:32:00', 'Voided'),
(322, 88, 44, 220000, 22000, 0, 242000, 'Cash', '2026-04-02 22:26:00', 'Draft'),
(323, 185, 323, 470000, 47000, 0, 517000, 'Card', '2026-01-20 22:48:00', 'Paid'),
(324, 272, 216, 550000, 55000, 0, 605000, 'Transfer', '2026-01-18 22:27:00', 'Paid'),
(325, 212, 471, 310000, 31000, 16000, 325000, 'Voucher', '2026-04-20 18:50:00', 'Paid'),
(326, 350, 186, 60000, 6000, 3000, 63000, 'Cash', '2026-01-19 22:00:00', 'Paid'),
(327, 368, 413, 380000, 38000, 0, 418000, 'Cash', '2026-01-11 15:20:00', 'Paid'),
(328, 206, 503, 540000, 54000, 0, 594000, 'Card', '2026-02-25 10:25:00', 'Voided'),
(329, 389, 19, 470000, 47000, 0, 517000, 'Transfer', '2026-04-26 19:03:00', 'Draft'),
(330, 501, 324, 500000, 50000, 50000, 500000, 'Voucher', '2026-02-07 16:25:00', 'Paid'),
(331, 454, 349, 490000, 49000, 49000, 490000, 'Cash', '2026-04-22 14:46:00', 'Paid'),
(332, 381, 161, 270000, 27000, 0, 297000, 'Cash', '2026-04-16 14:57:00', 'Paid'),
(333, 271, 313, 140000, 14000, 7000, 147000, 'Card', '2026-02-27 20:13:00', 'Paid'),
(334, 455, 279, 440000, 44000, 44000, 440000, 'Transfer', '2026-03-25 17:44:00', 'Paid'),
(335, 177, 455, 560000, 56000, 28000, 588000, 'Voucher', '2026-04-10 13:56:00', 'Voided'),
(336, 155, 44, 70000, 7000, 7000, 70000, 'Cash', '2026-02-12 16:46:00', 'Draft'),
(337, 369, 379, 130000, 13000, 13000, 130000, 'Cash', '2026-03-11 14:13:00', 'Paid'),
(338, 48, 262, 400000, 40000, 0, 440000, 'Card', '2026-03-08 15:48:00', 'Paid'),
(339, 326, 82, 60000, 6000, 0, 66000, 'Transfer', '2026-04-24 22:34:00', 'Paid'),
(340, 304, 133, 200000, 20000, 0, 220000, 'Voucher', '2026-04-03 16:32:00', 'Paid'),
(341, 57, 375, 80000, 8000, 0, 88000, 'Cash', '2026-02-03 20:32:00', 'Paid'),
(342, 182, 64, 80000, 8000, 0, 88000, 'Cash', '2026-02-27 14:36:00', 'Voided'),
(343, 378, 3, 340000, 34000, 0, 374000, 'Card', '2026-01-31 22:47:00', 'Draft'),
(344, 507, 298, 410000, 41000, 41000, 410000, 'Transfer', '2026-04-19 19:14:00', 'Paid'),
(345, 180, 154, 230000, 23000, 23000, 230000, 'Voucher', '2026-03-28 12:45:00', 'Paid'),
(346, 194, 267, 520000, 52000, 0, 572000, 'Cash', '2026-01-14 15:33:00', 'Paid'),
(347, 299, 99, 570000, 57000, 0, 627000, 'Cash', '2026-02-28 11:09:00', 'Paid'),
(348, 365, 218, 580000, 58000, 29000, 609000, 'Card', '2026-01-11 11:03:00', 'Paid'),
(349, 218, 455, 130000, 13000, 6000, 137000, 'Transfer', '2026-01-28 17:04:00', 'Voided'),
(350, 190, 347, 380000, 38000, 19000, 399000, 'Voucher', '2026-03-17 18:33:00', 'Draft'),
(351, 399, 203, 600000, 60000, 0, 660000, 'Cash', '2026-03-16 17:40:00', 'Paid'),
(352, 217, 226, 490000, 49000, 24000, 515000, 'Cash', '2026-04-04 16:52:00', 'Paid'),
(353, 84, 74, 370000, 37000, 0, 407000, 'Card', '2026-03-04 21:29:00', 'Paid'),
(354, 67, 496, 500000, 50000, 50000, 500000, 'Transfer', '2026-04-21 18:07:00', 'Paid'),
(355, 356, 109, 340000, 34000, 17000, 357000, 'Voucher', '2026-01-05 21:10:00', 'Paid'),
(356, 484, 287, 280000, 28000, 0, 308000, 'Cash', '2026-03-19 16:07:00', 'Voided'),
(357, 62, 190, 410000, 41000, 0, 451000, 'Cash', '2026-01-06 18:09:00', 'Draft'),
(358, 61, 191, 240000, 24000, 0, 264000, 'Card', '2026-02-08 14:31:00', 'Paid'),
(359, 15, 406, 140000, 14000, 0, 154000, 'Transfer', '2026-04-11 19:26:00', 'Paid'),
(360, 25, 480, 240000, 24000, 0, 264000, 'Voucher', '2026-01-28 12:52:00', 'Paid'),
(361, 379, 251, 50000, 5000, 0, 55000, 'Cash', '2026-03-12 15:04:00', 'Paid'),
(362, 446, 23, 310000, 31000, 16000, 325000, 'Cash', '2026-03-15 14:36:00', 'Paid'),
(363, 232, 461, 260000, 26000, 13000, 273000, 'Card', '2026-03-02 21:53:00', 'Voided'),
(364, 311, 68, 530000, 53000, 0, 583000, 'Transfer', '2026-03-06 20:29:00', 'Draft'),
(365, 390, 231, 470000, 47000, 24000, 493000, 'Voucher', '2026-01-20 21:20:00', 'Paid'),
(366, 46, 410, 440000, 44000, 44000, 440000, 'Cash', '2026-02-22 16:14:00', 'Paid'),
(367, 461, 203, 260000, 26000, 26000, 260000, 'Cash', '2026-01-06 20:56:00', 'Paid'),
(368, 227, 377, 220000, 22000, 0, 242000, 'Card', '2026-04-21 12:45:00', 'Paid'),
(369, 13, 293, 450000, 45000, 0, 495000, 'Transfer', '2026-03-13 20:07:00', 'Paid'),
(370, 330, 287, 100000, 10000, 0, 110000, 'Voucher', '2026-03-21 18:36:00', 'Voided'),
(371, 388, 28, 410000, 41000, 41000, 410000, 'Cash', '2026-01-25 22:30:00', 'Draft'),
(372, 258, 460, 60000, 6000, 0, 66000, 'Cash', '2026-03-26 18:11:00', 'Paid'),
(373, 493, 10, 220000, 22000, 0, 242000, 'Card', '2026-02-01 21:53:00', 'Paid'),
(374, 455, 297, 330000, 33000, 0, 363000, 'Transfer', '2026-04-14 18:38:00', 'Paid'),
(375, 165, 206, 420000, 42000, 0, 462000, 'Voucher', '2026-03-04 10:21:00', 'Paid'),
(376, 224, 93, 310000, 31000, 0, 341000, 'Cash', '2026-04-21 18:20:00', 'Paid'),
(377, 196, 132, 100000, 10000, 0, 110000, 'Cash', '2026-01-13 18:10:00', 'Voided'),
(378, 147, 74, 160000, 16000, 0, 176000, 'Card', '2026-04-09 11:09:00', 'Draft'),
(379, 158, 488, 310000, 31000, 0, 341000, 'Transfer', '2026-01-08 19:20:00', 'Paid'),
(380, 93, 14, 500000, 50000, 0, 550000, 'Voucher', '2026-02-08 16:06:00', 'Paid'),
(381, 164, 73, 310000, 31000, 0, 341000, 'Cash', '2026-02-03 16:52:00', 'Paid'),
(382, 461, 62, 80000, 8000, 0, 88000, 'Cash', '2026-01-31 22:38:00', 'Paid'),
(383, 301, 122, 360000, 36000, 36000, 360000, 'Card', '2026-04-07 18:24:00', 'Paid'),
(384, 487, 59, 220000, 22000, 0, 242000, 'Transfer', '2026-02-10 17:35:00', 'Voided'),
(385, 209, 34, 350000, 35000, 0, 385000, 'Voucher', '2026-02-22 20:14:00', 'Draft'),
(386, 468, 454, 60000, 6000, 0, 66000, 'Cash', '2026-03-12 19:43:00', 'Paid'),
(387, 52, 127, 530000, 53000, 53000, 530000, 'Cash', '2026-03-25 22:08:00', 'Paid'),
(388, 156, 291, 310000, 31000, 16000, 325000, 'Card', '2026-01-11 20:32:00', 'Paid'),
(389, 105, 401, 140000, 14000, 0, 154000, 'Transfer', '2026-03-11 12:50:00', 'Paid'),
(390, 126, 276, 320000, 32000, 32000, 320000, 'Voucher', '2026-02-27 10:00:00', 'Paid'),
(391, 417, 238, 580000, 58000, 58000, 580000, 'Cash', '2026-02-07 20:10:00', 'Voided'),
(392, 1, 31, 350000, 35000, 0, 385000, 'Cash', '2026-03-18 14:53:00', 'Draft'),
(393, 349, 195, 270000, 27000, 0, 297000, 'Card', '2026-03-16 18:18:00', 'Paid'),
(394, 24, 83, 520000, 52000, 52000, 520000, 'Transfer', '2026-03-14 11:19:00', 'Paid'),
(395, 46, 203, 490000, 49000, 0, 539000, 'Voucher', '2026-04-17 12:46:00', 'Paid'),
(396, 285, 144, 320000, 32000, 0, 352000, 'Cash', '2026-03-20 18:51:00', 'Paid'),
(397, 163, 453, 480000, 48000, 0, 528000, 'Cash', '2026-03-23 14:48:00', 'Paid'),
(398, 363, 232, 220000, 22000, 0, 242000, 'Card', '2026-03-26 15:21:00', 'Voided'),
(399, 108, 236, 430000, 43000, 0, 473000, 'Transfer', '2026-01-03 21:08:00', 'Draft'),
(400, 331, 473, 50000, 5000, 5000, 50000, 'Voucher', '2026-03-02 10:57:00', 'Paid'),
(401, 5, 345, 160000, 16000, 8000, 168000, 'Cash', '2026-03-13 21:45:00', 'Paid'),
(402, 251, 391, 300000, 30000, 30000, 300000, 'Cash', '2026-01-11 22:56:00', 'Paid'),
(403, 333, 334, 90000, 9000, 9000, 90000, 'Card', '2026-01-04 20:28:00', 'Paid'),
(404, 345, 64, 270000, 27000, 14000, 283000, 'Transfer', '2026-04-16 19:22:00', 'Paid'),
(405, 199, 91, 580000, 58000, 0, 638000, 'Voucher', '2026-01-16 17:23:00', 'Voided'),
(406, 480, 99, 330000, 33000, 0, 363000, 'Cash', '2026-01-29 21:01:00', 'Draft'),
(407, 389, 144, 480000, 48000, 0, 528000, 'Cash', '2026-01-25 11:52:00', 'Paid'),
(408, 315, 321, 240000, 24000, 0, 264000, 'Card', '2026-01-30 17:23:00', 'Paid'),
(409, 19, 144, 360000, 36000, 36000, 360000, 'Transfer', '2026-01-27 10:12:00', 'Paid'),
(410, 504, 421, 450000, 45000, 22000, 473000, 'Voucher', '2026-01-15 14:36:00', 'Paid'),
(411, 257, 253, 150000, 15000, 15000, 150000, 'Cash', '2026-01-25 20:47:00', 'Paid'),
(412, 290, 345, 480000, 48000, 48000, 480000, 'Cash', '2026-03-14 12:04:00', 'Voided'),
(413, 302, 66, 520000, 52000, 0, 572000, 'Card', '2026-01-17 14:59:00', 'Draft'),
(414, 292, 439, 190000, 19000, 19000, 190000, 'Transfer', '2026-04-04 22:17:00', 'Paid'),
(415, 99, 435, 480000, 48000, 0, 528000, 'Voucher', '2026-03-30 20:34:00', 'Paid'),
(416, 315, 130, 480000, 48000, 48000, 480000, 'Cash', '2026-04-24 17:00:00', 'Paid'),
(417, 481, 219, 460000, 46000, 0, 506000, 'Cash', '2026-04-20 15:27:00', 'Paid'),
(418, 433, 510, 310000, 31000, 0, 341000, 'Card', '2026-01-16 20:33:00', 'Paid'),
(419, 239, 254, 280000, 28000, 28000, 280000, 'Transfer', '2026-04-08 10:56:00', 'Voided'),
(420, 370, 115, 80000, 8000, 0, 88000, 'Voucher', '2026-02-23 18:28:00', 'Draft'),
(421, 162, 3, 300000, 30000, 0, 330000, 'Cash', '2026-02-12 11:56:00', 'Paid'),
(422, 293, 414, 60000, 6000, 0, 66000, 'Cash', '2026-03-30 16:04:00', 'Paid'),
(423, 470, 128, 170000, 17000, 0, 187000, 'Card', '2026-02-12 14:04:00', 'Paid'),
(424, 321, 321, 110000, 11000, 0, 121000, 'Transfer', '2026-03-03 16:51:00', 'Paid'),
(425, 13, 304, 560000, 56000, 0, 616000, 'Voucher', '2026-04-18 14:15:00', 'Paid'),
(426, 56, 243, 200000, 20000, 0, 220000, 'Cash', '2026-04-17 10:52:00', 'Voided'),
(427, 171, 267, 550000, 55000, 0, 605000, 'Cash', '2026-01-10 22:38:00', 'Draft'),
(428, 318, 225, 530000, 53000, 0, 583000, 'Card', '2026-03-22 17:37:00', 'Paid'),
(429, 64, 44, 80000, 8000, 0, 88000, 'Transfer', '2026-02-18 15:56:00', 'Paid'),
(430, 435, 356, 90000, 9000, 0, 99000, 'Voucher', '2026-01-08 22:28:00', 'Paid'),
(431, 29, 155, 440000, 44000, 22000, 462000, 'Cash', '2026-01-09 11:43:00', 'Paid'),
(432, 29, 287, 80000, 8000, 0, 88000, 'Cash', '2026-04-19 16:25:00', 'Paid'),
(433, 50, 317, 530000, 53000, 26000, 557000, 'Card', '2026-01-30 19:50:00', 'Voided'),
(434, 338, 320, 50000, 5000, 2000, 53000, 'Transfer', '2026-02-19 17:50:00', 'Draft'),
(435, 220, 451, 440000, 44000, 44000, 440000, 'Voucher', '2026-01-13 15:41:00', 'Paid'),
(436, 481, 346, 550000, 55000, 0, 605000, 'Cash', '2026-02-28 18:21:00', 'Paid'),
(437, 301, 99, 110000, 11000, 0, 121000, 'Cash', '2026-01-02 19:45:00', 'Paid'),
(438, 35, 304, 550000, 55000, 0, 605000, 'Card', '2026-04-26 19:08:00', 'Paid'),
(439, 327, 261, 210000, 21000, 0, 231000, 'Transfer', '2026-02-23 17:46:00', 'Paid'),
(440, 318, 228, 160000, 16000, 0, 176000, 'Voucher', '2026-01-18 22:02:00', 'Voided'),
(441, 31, 66, 240000, 24000, 24000, 240000, 'Cash', '2026-02-25 18:41:00', 'Draft'),
(442, 387, 184, 240000, 24000, 24000, 240000, 'Cash', '2026-04-24 18:49:00', 'Paid'),
(443, 75, 76, 350000, 35000, 0, 385000, 'Card', '2026-03-19 15:18:00', 'Paid'),
(444, 189, 497, 50000, 5000, 5000, 50000, 'Transfer', '2026-03-17 20:43:00', 'Paid'),
(445, 75, 30, 200000, 20000, 20000, 200000, 'Voucher', '2026-04-15 18:54:00', 'Paid'),
(446, 28, 217, 270000, 27000, 0, 297000, 'Cash', '2026-01-26 20:58:00', 'Paid'),
(447, 104, 403, 90000, 9000, 0, 99000, 'Cash', '2026-01-25 20:30:00', 'Voided'),
(448, 356, 355, 340000, 34000, 34000, 340000, 'Card', '2026-03-30 15:54:00', 'Draft'),
(449, 297, 290, 260000, 26000, 26000, 260000, 'Transfer', '2026-02-08 16:21:00', 'Paid'),
(450, 84, 54, 340000, 34000, 0, 374000, 'Voucher', '2026-03-05 13:58:00', 'Paid'),
(451, 2, 328, 190000, 19000, 0, 209000, 'Cash', '2026-03-01 19:13:00', 'Paid'),
(452, 123, 247, 520000, 52000, 0, 572000, 'Cash', '2026-04-14 21:24:00', 'Paid'),
(453, 106, 205, 160000, 16000, 0, 176000, 'Card', '2026-02-16 10:04:00', 'Paid'),
(454, 184, 16, 400000, 40000, 0, 440000, 'Transfer', '2026-01-19 14:28:00', 'Voided'),
(455, 100, 324, 420000, 42000, 0, 462000, 'Voucher', '2026-01-06 10:12:00', 'Draft'),
(456, 102, 146, 160000, 16000, 0, 176000, 'Cash', '2026-04-24 14:46:00', 'Paid'),
(457, 90, 174, 590000, 59000, 59000, 590000, 'Cash', '2026-02-01 12:12:00', 'Paid'),
(458, 12, 91, 580000, 58000, 0, 638000, 'Card', '2026-01-13 10:53:00', 'Paid'),
(459, 347, 71, 290000, 29000, 0, 319000, 'Transfer', '2026-02-13 13:19:00', 'Paid'),
(460, 234, 123, 280000, 28000, 0, 308000, 'Voucher', '2026-03-26 12:33:00', 'Paid'),
(461, 501, 410, 440000, 44000, 22000, 462000, 'Cash', '2026-04-23 21:04:00', 'Voided'),
(462, 61, 74, 130000, 13000, 0, 143000, 'Cash', '2026-01-25 18:24:00', 'Draft'),
(463, 356, 192, 250000, 25000, 25000, 250000, 'Card', '2026-02-24 20:15:00', 'Paid'),
(464, 472, 24, 530000, 53000, 53000, 530000, 'Transfer', '2026-03-17 13:54:00', 'Paid'),
(465, 275, 151, 550000, 55000, 0, 605000, 'Voucher', '2026-02-11 13:03:00', 'Paid'),
(466, 323, 408, 220000, 22000, 0, 242000, 'Cash', '2026-04-19 18:37:00', 'Paid'),
(467, 454, 251, 180000, 18000, 0, 198000, 'Cash', '2026-04-11 17:50:00', 'Paid'),
(468, 340, 315, 90000, 9000, 0, 99000, 'Card', '2026-03-07 16:48:00', 'Voided'),
(469, 452, 331, 530000, 53000, 53000, 530000, 'Transfer', '2026-02-17 17:33:00', 'Draft'),
(470, 238, 92, 250000, 25000, 0, 275000, 'Voucher', '2026-03-09 21:30:00', 'Paid'),
(471, 367, 490, 360000, 36000, 18000, 378000, 'Cash', '2026-02-04 19:25:00', 'Paid'),
(472, 327, 472, 550000, 55000, 55000, 550000, 'Cash', '2026-03-25 10:13:00', 'Paid'),
(473, 113, 459, 170000, 17000, 8000, 179000, 'Card', '2026-04-21 13:25:00', 'Paid'),
(474, 112, 157, 320000, 32000, 16000, 336000, 'Transfer', '2026-03-15 12:59:00', 'Paid'),
(475, 432, 192, 210000, 21000, 21000, 210000, 'Voucher', '2026-01-11 12:48:00', 'Voided'),
(476, 44, 152, 330000, 33000, 33000, 330000, 'Cash', '2026-02-15 13:37:00', 'Draft'),
(477, 22, 239, 370000, 37000, 37000, 370000, 'Cash', '2026-02-13 16:28:00', 'Paid'),
(478, 240, 222, 310000, 31000, 0, 341000, 'Card', '2026-04-13 17:20:00', 'Paid'),
(479, 140, 196, 60000, 6000, 0, 66000, 'Transfer', '2026-02-26 13:16:00', 'Paid'),
(480, 331, 39, 270000, 27000, 0, 297000, 'Voucher', '2026-02-07 18:32:00', 'Paid'),
(481, 280, 330, 100000, 10000, 0, 110000, 'Cash', '2026-01-30 11:07:00', 'Paid'),
(482, 37, 185, 70000, 7000, 7000, 70000, 'Cash', '2026-01-26 15:12:00', 'Voided'),
(483, 346, 169, 210000, 21000, 0, 231000, 'Card', '2026-04-06 22:43:00', 'Draft'),
(484, 433, 141, 170000, 17000, 17000, 170000, 'Transfer', '2026-01-18 22:45:00', 'Paid'),
(485, 379, 279, 210000, 21000, 0, 231000, 'Voucher', '2026-04-09 14:18:00', 'Paid'),
(486, 422, 178, 550000, 55000, 28000, 577000, 'Cash', '2026-02-21 19:48:00', 'Paid'),
(487, 336, 7, 350000, 35000, 35000, 350000, 'Cash', '2026-04-08 12:55:00', 'Paid'),
(488, 204, 117, 190000, 19000, 0, 209000, 'Card', '2026-03-02 13:33:00', 'Paid'),
(489, 301, 403, 400000, 40000, 20000, 420000, 'Transfer', '2026-04-03 17:21:00', 'Voided'),
(490, 406, 44, 250000, 25000, 0, 275000, 'Voucher', '2026-02-24 22:44:00', 'Draft'),
(491, 214, 108, 330000, 33000, 16000, 347000, 'Cash', '2026-04-20 18:01:00', 'Paid'),
(492, 192, 72, 410000, 41000, 0, 451000, 'Cash', '2026-02-09 21:00:00', 'Paid'),
(493, 256, 415, 470000, 47000, 0, 517000, 'Card', '2026-02-13 13:26:00', 'Paid'),
(494, 218, 352, 530000, 53000, 26000, 557000, 'Transfer', '2026-04-08 22:44:00', 'Paid'),
(495, 276, 154, 250000, 25000, 25000, 250000, 'Voucher', '2026-01-03 19:50:00', 'Paid'),
(496, 17, 473, 130000, 13000, 0, 143000, 'Cash', '2026-02-12 19:40:00', 'Voided'),
(497, 410, 309, 430000, 43000, 43000, 430000, 'Cash', '2026-04-21 16:24:00', 'Draft'),
(498, 105, 486, 300000, 30000, 0, 330000, 'Card', '2026-03-10 16:12:00', 'Paid'),
(499, 244, 56, 260000, 26000, 26000, 260000, 'Transfer', '2026-02-27 20:57:00', 'Paid'),
(500, 156, 48, 150000, 15000, 0, 165000, 'Voucher', '2026-03-28 18:11:00', 'Paid'),
(501, 17, 424, 490000, 49000, 49000, 490000, 'Cash', '2026-03-04 10:11:00', 'Paid'),
(502, 102, 36, 290000, 29000, 0, 319000, 'Cash', '2026-01-27 13:18:00', 'Paid'),
(503, 338, 269, 90000, 9000, 4000, 95000, 'Card', '2026-01-08 15:33:00', 'Voided'),
(504, 6, 88, 250000, 25000, 12000, 263000, 'Transfer', '2026-02-20 12:07:00', 'Draft'),
(505, 67, 275, 310000, 31000, 16000, 325000, 'Voucher', '2026-04-06 11:24:00', 'Paid'),
(506, 490, 463, 600000, 60000, 0, 660000, 'Cash', '2026-01-17 13:19:00', 'Paid'),
(507, 222, 419, 500000, 50000, 25000, 525000, 'Cash', '2026-01-21 19:36:00', 'Paid'),
(508, 481, 159, 420000, 42000, 0, 462000, 'Card', '2026-03-06 21:43:00', 'Paid'),
(509, 235, 142, 170000, 17000, 0, 187000, 'Transfer', '2026-01-19 17:04:00', 'Paid'),
(510, 423, 205, 430000, 43000, 0, 473000, 'Voucher', '2026-03-09 15:58:00', 'Voided');

SET FOREIGN_KEY_CHECKS = 1;

-- ── Verify row counts after import ──
-- SELECT 'MenuCategories' tbl, COUNT(*) n FROM MenuCategories
-- UNION ALL SELECT 'MenuItems',    COUNT(*) FROM MenuItems
-- UNION ALL SELECT 'Customers',    COUNT(*) FROM Customers
-- UNION ALL SELECT 'Tables',       COUNT(*) FROM Tables
-- UNION ALL SELECT 'Reservations', COUNT(*) FROM Reservations
-- UNION ALL SELECT 'Invoices',     COUNT(*) FROM Invoices;

SET SQL_SAFE_UPDATES = 0;
SET FOREIGN_KEY_CHECKS = 0;

TRUNCATE TABLE InvoiceItems;

-- Random món ăn 1
INSERT INTO InvoiceItems (InvoiceID, DishID, Quantity, UnitPrice)
SELECT InvoiceID, 1, FLOOR(1 + RAND() * 2), 45000 FROM Invoices;

-- Random món ăn 2
INSERT INTO InvoiceItems (InvoiceID, DishID, Quantity, UnitPrice)
SELECT InvoiceID, 17, FLOOR(1 + RAND() * 4), 85000 FROM Invoices;

-- Random món ăn 3
INSERT INTO InvoiceItems (InvoiceID, DishID, Quantity, UnitPrice)
SELECT InvoiceID, 41, FLOOR(2 + RAND() * 3), 25000 FROM Invoices WHERE InvoiceID % 2 = 0;

-- ==========================================
--  TÍNH DOANH THU 
-- ==========================================
UPDATE Invoices i
SET SubTotal = (
    SELECT IFNULL(SUM(LineTotal), 0) 
    FROM InvoiceItems ii 
    WHERE ii.InvoiceID = i.InvoiceID
);

UPDATE Invoices 
SET DiscountAmount = 0,
    ServiceCharge = ROUND(SubTotal * 0.1, 0),
    TotalAmount = SubTotal + ROUND(SubTotal * 0.1, 0);

SET SQL_SAFE_UPDATES = 1;
SET FOREIGN_KEY_CHECKS = 1;
